time,value,zealot,state
0,0.00025481180066096745,1.0,0
0,0.00035010942712261503,1.0,1
1,0.00026164616680787484,1.0,0
1,0.00035364568752605034,1.0,1
2,0.00026940876720017986,1.0,0
2,0.0003572175068650874,1.0,1
3,0.00027807461854221556,1.0,0
3,0.00036082523902546744,1.0,1
4,0.00028751350452763916,1.0,0
4,0.00036446924133671436,1.0,1
5,0.00029748390709361373,1.0,0
5,0.0003681498746040703,1.0,1
6,0.0003076578330049079,1.0,0
6,0.00037186750314069356,1.0,1
7,0.00031767482423082123,1.0,0
7,0.00037562249480012583,1.0,1
8,0.000327207926911217,1.0,0
8,0.0003794152210090254,1.0,1
9,0.00033601732940897707,1.0,0
9,0.00038324605680017254,1.0,1
10,0.00034397465831620985,1.0,0
10,0.0003871153808457458,1.0,1
11,0.0003510564758085282,1.0,0
11,0.000391023575490871,1.0,1
12,0.0003573178990515021,1.0,0
12,0.0003949710267874459,1.0,1
13,0.00036286042252197504,1.0,0
13,0.00039895812452824106,1.0,1
14,0.0003678040490472431,1.0,0
14,0.0004029852622812784,1.0,1
15,0.000372267937675925,1.0,0
15,0.00040705283742449014,1.0,1
16,0.0003763594579450492,1.0,0
16,0.0004111612511806577,1.0,1
17,0.00038016958318324364,1.0,0
17,0.000415310908652635,1.0,1
18,0.00038377226874796897,1.0,0
18,0.00041950221885885523,1.0,1
19,0.0003872259351491542,1.0,0
19,0.0004237355947691224,1.0,1
20,0.000390575810670262,1.0,0
20,0.0004280114533406934,1.0,1
21,0.000393856417712461,1.0,0
21,0.00043233021555464567,1.0,1
22,0.00039709384880171484,1.0,0
22,0.0004366923064525378,1.0,1
23,0.0004003076950732408,1.0,0
23,0.0004410981551733614,1.0,1
24,0.0004035126061564527,1.0,0
24,0.00044554819499078663,1.0,1
25,0.0004067195146279845,1.0,0
25,0.00045004286335070283,1.0,1
26,0.0004099365779296507,1.0,0
26,0.00045458260190905556,1.0,1
27,0.00041316989288184156,1.0,0
27,0.0004591678565699834,1.0,1
28,0.00041642403238519396,1.0,0
28,0.0004637990775242524,1.0,1
29,0.00041970244574527423,1.0,0
29,0.0004684767192879925,1.0,1
30,0.0004230077557767694,1.0,0
30,0.00047320124074173733,1.0,1
31,0.00042634197850419575,1.0,0
31,0.0004779731051697671,1.0,1
32,0.0004297066851997741,1.0,0
32,0.00048279278029975684,1.0,1
33,0.0004331031216665339,1.0,0
33,0.0004876607383427344,1.0,1
34,0.00043653229592785584,1.0,0
34,0.0004925774560333427,1.0,1
35,0.0004399950426283282,1.0,0
35,0.0004975434146704153,1.0,1
36,0.00044349207029833077,1.0,0
36,0.0005025591001578606,1.0,1
37,0.00044702399602579803,1.0,0
37,0.0005076250030458634,1.0,1
38,0.00045059137088275183,1.0,0
38,0.0005127416185723929,1.0,1
39,0.0004541946985690013,1.0,0
39,0.0005179094467050346,1.0,1
40,0.0004578344490820999,1.0,0
40,0.0005231289921831328,1.0,1
41,0.0004615110687415052,1.0,0
41,0.0005284007645602542,1.0,1
42,0.00046522498754107683,1.0,0
42,0.0005337252782469703,1.0,1
43,0.0004689766245441789,1.0,0
43,0.0005391030525539608,1.0,1
44,0.0004727663918449231,1.0,0
44,0.0005445346117354396,1.0,1
45,0.0004765946974791917,1.0,0
45,0.0005500204850329018,1.0,1
46,0.000480461947566525,1.0,0
46,0.0005555612067191988,1.0,1
47,0.00048436854788877514,1.0,0
47,0.000561157316142937,1.0,1
48,0.0004883149050563525,1.0,0
48,0.0005668093577732049,1.0,1
49,0.0004923014273725324,1.0,0
49,0.0005725178812446268,1.0,1
50,0.0004963285254767343,1.0,0
50,0.0005782834414027481,1.0,1
51,0.0005003966128260184,1.0,0
51,0.0005841065983497498,1.0,1
52,0.0005045061060582075,1.0,0
52,0.0005899879174904963,1.0,1
53,0.0005086574252684041,1.0,0
53,0.0005959279695789136,1.0,1
54,0.0005128509942221799,1.0,0
54,0.0006019273307647049,1.0,1
55,0.0005170872405224853,1.0,0
55,0.0006079865826403992,1.0,1
56,0.000521366595742757,1.0,0
56,0.0006141063122887353,1.0,1
57,0.0005256894955353648,1.0,0
57,0.0006202871123303868,1.0,1
58,0.0005300563797220961,1.0,0
58,0.000626529580972021,1.0,1
59,0.0005344676923715787,1.0,0
59,0.0006328343220546997,1.0,1
60,0.0005389238818672307,1.0,0
60,0.0006392019451026193,1.0,1
61,0.0005434254009683743,1.0,0
61,0.0006456330653721916,1.0,1
62,0.0005479727068664323,1.0,0
62,0.0006521283039014699,1.0,1
63,0.0005525662612376252,1.0,0
63,0.0006586882875599116,1.0,1
64,0.0005572065302932,1.0,0
64,0.0006653136490984919,1.0,1
65,0.0005618939848279484,1.0,0
65,0.0006720050272001561,1.0,1
66,0.000566629100267572,1.0,0
66,0.0006787630665306215,1.0,1
67,0.0005714123567152986,1.0,0
67,0.0006855884177895232,1.0,1
68,0.0005762442389980525,1.0,0
68,0.0006924817377619082,1.0,1
69,0.0005811252367123964,1.0,0
69,0.0006994436893700754,1.0,1
70,0.0005860558442704025,1.0,0
70,0.0007064749417257651,1.0,1
71,0.00059103656094558,1.0,0
71,0.0007135761701826982,1.0,1
72,0.0005960678909189374,1.0,0
72,0.0007207480563894634,1.0,1
73,0.0006011503433252486,1.0,0
73,0.0007279912883427556,1.0,1
74,0.0006062844322995723,1.0,0
74,0.000735306560440963,1.0,1
75,0.0006114706770240557,1.0,0
75,0.0007426945735381091,1.0,1
76,0.0006167096017750522,1.0,0
76,0.0007501560349981431,1.0,1
77,0.0006220017359705733,1.0,0
77,0.0007576916587495833,1.0,1
78,0.0006273476142180861,1.0,0
78,0.0007653021653405127,1.0,1
79,0.000632747776362675,1.0,0
79,0.0007729882819939289,1.0,1
80,0.0006382027675355679,1.0,0
80,0.0007807507426634459,1.0,1
81,0.0006437131382030421,1.0,0
81,0.0007885902880893483,1.0,1
82,0.0006492794442157107,1.0,0
82,0.0007965076658550015,1.0,1
83,0.000654902246858195,1.0,0
83,0.000804503630443614,1.0,1
84,0.0006605821128991897,1.0,0
84,0.0008125789432953544,1.0,1
85,0.0006663196146419179,1.0,0
85,0.0008207343728648237,1.0,1
86,0.0006721153299749891,1.0,0
86,0.0008289706946788771,1.0,1
87,0.0006779698424236501,1.0,0
87,0.000837288691394807,1.0,1
88,0.0006838837412014436,1.0,0
88,0.0008456891528588754,1.0,1
89,0.0006898576212622675,1.0,0
89,0.0008541728761651997,1.0,1
90,0.0006958920833528426,1.0,0
90,0.0008627406657149979,1.0,1
91,0.0007019877340655853,1.0,0
91,0.0008713933332761816,1.0,1
92,0.0007081451858918969,1.0,0
92,0.0008801316980433058,1.0,1
93,0.0007143650572758578,1.0,0
93,0.0008889565866978725,1.0,1
94,0.0007206479726683416,1.0,0
94,0.0008978688334689838,1.0,1
95,0.0007269945625815405,1.0,0
95,0.000906869280194354,1.0,1
96,0.0007334054636439115,1.0,0
96,0.0009159587763816673,1.0,1
97,0.0007398813186555382,1.0,0
97,0.0009251381792702924,1.0,1
98,0.0007464227766439172,1.0,0
98,0.0009344083538933443,1.0,1
99,0.0007530304929201638,1.0,0
99,0.0009437701731401015,1.0,1
100,0.0007597051291356417,1.0,0
100,0.0009532245178187691,1.0,1
101,0.0007664473533390201,1.0,0
101,0.0009627722767195934,1.0,1
102,0.0007732578400337554,1.0,0
102,0.0009724143466783268,1.0,1
103,0.0007801372702360017,1.0,0
103,0.000982151632640036,1.0,1
104,0.0007870863315329511,1.0,0
104,0.0009919850477232623,1.0,1
105,0.000794105718141606,1.0,0
105,0.0010019155132845257,1.0,1
106,0.000801196130967982,1.0,0
106,0.0010119439589831752,1.0,1
107,0.0008083582776667455,1.0,0
107,0.0010220713228465813,1.0,1
108,0.0008155928727012851,1.0,0
108,0.0010322985513356734,1.0,1
109,0.0008229006374042208,1.0,0
109,0.0010426265994108212,1.0,1
110,0.0008302823000383486,1.0,0
110,0.0010530564305980517,1.0,1
111,0.0008377385958580253,1.0,0
111,0.001063589017055611,1.0,1
112,0.0008452702671709917,1.0,0
112,0.0010742253396408613,1.0,1
113,0.0008528780634006354,1.0,0
113,0.0010849663879775153,1.0,1
114,0.0008605627411486971,1.0,0
114,0.0010958131605232062,1.0,1
115,0.000868325064258418,1.0,0
115,0.001106766664637393,1.0,1
116,0.0008761658038781304,1.0,0
116,0.001117827916649594,1.0,1
117,0.0008840857385252952,1.0,0
117,0.0011289979419279552,1.0,1
118,0.0008920856541509791,1.0,0
118,0.0011402777749481468,1.0,1
119,0.0009001663442047825,1.0,0
119,0.001151668459362583,1.0,1
120,0.0009083286097002115,1.0,0
120,0.001163171048069972,1.0,1
121,0.0009165732592804973,1.0,0
121,0.0011747866032851871,1.0,1
122,0.0009249011092848633,1.0,0
122,0.0011865161966094582,1.0,1
123,0.0009333129838152408,1.0,0
123,0.0011983609091008839,1.0,1
124,0.0009418097148034325,1.0,0
124,0.001210321831345259,1.0,1
125,0.0009503921420787252,1.0,0
125,0.0012224000635272189,1.0,1
126,0.0009590611134359519,1.0,0
126,0.0012345967155016969,1.0,1
127,0.0009678174847040055,1.0,0
127,0.0012469129068656843,1.0,1
128,0.0009766621198147984,1.0,0
128,0.0012593497670303144,1.0,1
129,0.0009855958908726748,1.0,0
129,0.0012719084352932292,1.0,1
130,0.0009946196782242753,1.0,0
130,0.0012845900609112701,1.0,1
131,0.0010037343705288431,1.0,0
131,0.001297395803173456,1.0,1
132,0.001012940864828994,1.0,0
132,0.001310326831474258,1.0,1
133,0.0010222400666219196,1.0,0
133,0.0013233843253871787,1.0,1
134,0.0010316328899310568,1.0,0
134,0.0013365694747386103,1.0,1
135,0.0010411202573781945,1.0,0
135,0.00134988347968199,1.0,1
136,0.0010507031002560344,1.0,0
136,0.0013633275507722376,1.0,1
137,0.0010603823586012016,1.0,0
137,0.0013769029090404728,1.0,1
138,0.0010701589812676993,1.0,0
138,0.001390610786069015,1.0,1
139,0.0010800339260008157,1.0,0
139,0.0014044524240666581,1.0,1
140,0.0010900081595114739,1.0,0
140,0.0014184290759442157,1.0,1
141,0.00110008265755103,1.0,0
141,0.0014325420053903362,1.0,1
142,0.0011102584049865157,1.0,0
142,0.0014467924869475816,1.0,1
143,0.0011205363958763273,1.0,0
143,0.0014611818060887736,1.0,1
144,0.001130917633546353,1.0,0
144,0.0014757112592935814,1.0,1
145,0.0011414031306665466,1.0,0
145,0.0014903821541253888,1.0,1
146,0.0011519939093279454,1.0,0
146,0.0015051958093083848,1.0,1
147,0.0011626910011201172,1.0,0
147,0.0015201535548049214,1.0,1
148,0.0011734954472090563,1.0,0
148,0.0015352567318930941,1.0,1
149,0.0011844082984155105,1.0,0
149,0.0015505066932445793,1.0,1
150,0.001195430615293746,1.0,0
150,0.0015659048030026899,1.0,1
151,0.0012065634682107429,1.0,0
151,0.0015814524368606676,1.0,1
152,0.001217807937425826,1.0,0
152,0.0015971509821401954,1.0,1
153,0.0012291651131707234,1.0,0
153,0.0016130018378701372,1.0,1
154,0.0012406360957300509,1.0,0
154,0.0016290064148654834,1.0,1
155,0.001252221995522228,1.0,0
155,0.0016451661358065114,1.0,1
156,0.0012639239331808105,1.0,0
156,0.0016614824353181554,1.0,1
157,0.0012757430396362517,1.0,0
157,0.0016779567600495745,1.0,1
158,0.0012876804561980715,1.0,0
158,0.0016945905687539109,1.0,1
159,0.001299737334637454,1.0,0
159,0.0017113853323682477,1.0,1
160,0.0013119148372702514,1.0,0
160,0.0017283425340937511,1.0,1
161,0.001324214137040398,1.0,0
161,0.0017454636694759864,1.0,1
162,0.0013366364176037335,1.0,0
162,0.0017627502464854152,1.0,1
163,0.0013491828734122358,1.0,0
163,0.001780203785598061,1.0,1
164,0.001361854709798645,1.0,0
164,0.0017978258198763364,1.0,1
165,0.0013746531430614945,1.0,0
165,0.0018156178950500354,1.0,1
166,0.0013875794005505323,1.0,0
166,0.0018335815695974644,1.0,1
167,0.001400634720752537,1.0,0
167,0.0018517184148267385,1.0,1
168,0.001413820353377515,1.0,0
168,0.0018700300149572038,1.0,1
169,0.0014271375594452893,1.0,0
169,0.0018885179672010009,1.0,1
170,0.0014405876113724634,1.0,0
170,0.0019071838818447546,1.0,1
171,0.00145417179305976,1.0,0
171,0.0019260293823313928,1.0,1
172,0.0014678913999797358,1.0,0
172,0.0019450561053420718,1.0,1
173,0.0014817477392648582,1.0,0
173,0.0019642657008782176,1.0,1
174,0.0014957421297959453,1.0,0
174,0.00198365983234367,1.0,1
175,0.00150987590229097,1.0,0
175,0.0020032401766269196,1.0,1
176,0.001524150399394208,1.0,0
176,0.0020230084241834416,1.0,1
177,0.0015385669757657394,1.0,0
177,0.0020429662791181056,1.0,1
178,0.0015531269981712932,1.0,0
178,0.002063115459267671,1.0,1
179,0.0015678318455724263,1.0,0
179,0.0020834576962833378,1.0,1
180,0.00158268290921704,1.0,0
180,0.0021039947357133714,1.0,1
181,0.0015976815927302185,1.0,0
181,0.0021247283370857853,1.0,1
182,0.0016128293122053884,1.0,0
182,0.002145660273991058,1.0,1
183,0.001628127496295799,1.0,0
183,0.0021667923341648983,1.0,1
184,0.0016435775863063063,1.0,0
184,0.0021881263195710514,1.0,1
185,0.0016591810362854606,1.0,0
185,0.0022096640464841135,1.0,1
186,0.0016749393131178943,1.0,0
186,0.0022314073455723823,1.0,1
187,0.0016908538966169924,1.0,0
187,0.002253358061980702,1.0,1
188,0.001706926279617858,1.0,0
188,0.002275518055413322,1.0,1
189,0.0017231579680705412,1.0,0
189,0.00229788920021675,1.0,1
190,0.0017395504811335458,1.0,0
190,0.0023204733854625785,1.0,1
191,0.0017561053512676,1.0,0
191,0.002343272515030308,1.0,1
192,0.0017728241243296706,1.0,0
192,0.0023662885076901293,1.0,1
193,0.0017897083596672388,1.0,0
193,0.0023895232971856677,1.0,1
194,0.0018067596302128062,1.0,0
194,0.0024129788323166866,1.0,1
195,0.0018239795225786367,1.0,0
195,0.0024366570770217324,1.0,1
196,0.001841369637151718,1.0,0
196,0.0024605600104607166,1.0,1
197,0.0018589315881889445,1.0,0
197,0.0024846896270974243,1.0,1
198,0.0018766670039125008,1.0,0
198,0.00250904793678195,1.0,1
199,0.0018945775266054523,1.0,0
199,0.002533636964833029,1.0,1
200,0.0019126648127075116,1.0,0
200,0.002558458752120289,1.0,1
201,0.0019309305329110013,1.0,0
201,0.002583515355146373,1.0,1
202,0.001949376372256975,1.0,0
202,0.00260880884612897,1.0,1
203,0.0019680040302315115,1.0,0
203,0.0026343413130826983,1.0,1
204,0.001986815220862149,1.0,0
204,0.0026601148599008618,1.0,1
205,0.0020058116728144774,1.0,0
205,0.0026861316064370733,1.0,1
206,0.0020249951294888493,1.0,0
206,0.002712393688586701,1.0,1
207,0.0020443673491172204,1.0,0
207,0.0027389032583681775,1.0,1
208,0.0020639301048601057,1.0,0
208,0.0027656624840041123,1.0,1
209,0.0020836851849036285,1.0,0
209,0.002792673550002235,1.0,1
210,0.0021036343925566704,1.0,0
210,0.002819938657236155,1.0,1
211,0.002123779546348097,1.0,0
211,0.002847460023025899,1.0,1
212,0.00214412248012405,1.0,0
212,0.0028752398812182402,1.0,1
213,0.0021646650431453055,1.0,0
213,0.0029032804822668274,1.0,1
214,0.002185409100184672,1.0,0
214,0.002931584093312056,1.0,1
215,0.002206356531624426,1.0,0
215,0.0029601529982607043,1.0,1
216,0.002227509233553772,1.0,0
216,0.0029889894978653354,1.0,1
217,0.002248869117866314,1.0,0
217,0.003018095909803404,1.0,1
218,0.002270438112357522,1.0,0
218,0.0030474745687561126,1.0,1
219,0.002292218160822189,1.0,0
219,0.003077127826486993,1.0,1
220,0.0023142112231518603,1.0,0
220,0.003107058051920158,1.0,1
221,0.0023364192754322275,1.0,0
221,0.0031372676312182895,1.0,1
222,0.0023588443100404657,1.0,0
222,0.003167758967860283,1.0,1
223,0.002381488335742506,1.0,0
223,0.0031985344827185776,1.0,1
224,0.0024043533777902363,1.0,0
224,0.00322959661413615,1.0,1
225,0.002427441478018603,1.0,0
225,0.003260947818003153,1.0,1
226,0.002450754694942609,1.0,0
226,0.0032925905678332125,1.0,1
227,0.0024742951038541957,1.0,0
227,0.0033245273548393245,1.0,1
228,0.0024980647969189843,1.0,0
228,0.003356760688009415,1.0,1
229,0.0025220658832728793,1.0,0
229,0.0033892930941814554,1.0,1
230,0.0025463004891184966,1.0,0
230,0.00342212711811823,1.0,1
231,0.0025707707578214284,1.0,0
231,0.0034552653225816475,1.0,1
232,0.0025954788500063,1.0,0
232,0.003488710288406643,1.0,1
233,0.0026204269436526395,1.0,0
233,0.0035224646145746476,1.0,1
234,0.0026456172341905045,1.0,0
234,0.003556530918286602,1.0,1
235,0.002671051934595885,1.0,0
235,0.003590911835035511,1.0,1
236,0.0026967332754858474,1.0,0
236,0.00362561001867853,1.0,1
237,0.002722663505213411,1.0,0
237,0.0036606281415085696,1.0,1
238,0.0027488448899621403,1.0,0
238,0.003695968894325402,1.0,1
239,0.0027752797138404306,1.0,0
239,0.0037316349865062597,1.0,1
240,0.00280197027897548,1.0,0
240,0.003767629146075925,1.0,1
241,0.002828918905606937,1.0,0
241,0.003803954119776277,1.0,1
242,0.002856127932180174,1.0,0
242,0.003840612673135313,1.0,1
243,0.0028835997154392184,1.0,0
243,0.0038776075905356004,1.0,1
244,0.002911336630519285,1.0,0
244,0.003914941675282171,1.0,1
245,0.0029393410710389094,1.0,0
245,0.0039526177496698464,1.0,1
246,0.002967615449191663,1.0,0
246,0.003990638655049946,1.0,1
247,0.0029961621958374436,1.0,0
247,0.004029007251896435,1.0,1
248,0.003024983760593282,1.0,0
248,0.0040677264198714265,1.0,1
249,0.003054082611923722,1.0,0
249,0.0041067990578900595,1.0,1
250,0.0030834612372306657,1.0,0
250,0.0041462280841847695,1.0,1
251,0.0031131221429427443,1.0,0
251,0.004186016436368861,1.0,1
252,0.0031430678546041473,1.0,0
252,0.004226167071499469,1.0,1
253,0.0031733009169629205,1.0,0
253,0.004266682966139802,1.0,1
254,0.00320382389405869,1.0,0
254,0.004307567116420732,1.0,1
255,0.003234639369309808,1.0,0
255,0.004348822538101659,1.0,1
256,0.0032657499455999166,1.0,0
256,0.004390452266630683,1.0,1
257,0.00329715824536387,1.0,0
257,0.00443245935720404,1.0,1
258,0.003328866910673034,1.0,0
258,0.004474846884824813,1.0,1
259,0.0033608786033199355,1.0,0
259,0.004517617944360885,1.0,1
260,0.0033931960049022243,1.0,0
260,0.004560775650602123,1.0,1
261,0.003425821816905955,1.0,0
261,0.004604323138316814,1.0,1
262,0.0034587587607881427,1.0,0
262,0.0046482635623072985,1.0,1
263,0.0034920095780586065,1.0,0
263,0.004692600097464786,1.0,1
264,0.0035255770303610472,1.0,0
264,0.004737335938823404,1.0,1
265,0.0035594638995533547,1.0,0
265,0.004782474301613383,1.0,1
266,0.003593672987787138,1.0,0
266,0.004828018421313424,1.0,1
267,0.003628207117586441,1.0,0
267,0.0048739715537022095,1.0,1
268,0.0036630691319256207,1.0,0
268,0.0049203369749090614,1.0,1
269,0.0036982618943063967,1.0,0
269,0.004967117981463709,1.0,1
270,0.003733788288834008,1.0,0
270,0.005014317890345187,1.0,1
271,0.003769651220292515,1.0,0
271,0.005061940039029817,1.0,1
272,0.0038058536142191617,1.0,0
272,0.005109987785538296,1.0,1
273,0.003842398416977834,1.0,0
273,0.005158464508481833,1.0,1
274,0.0038792885958315727,1.0,0
274,0.005207373607107373,1.0,1
275,0.0039165271390140975,1.0,0
275,0.0052567185013418505,1.0,1
276,0.003954117055800377,1.0,0
276,0.005306502631835491,1.0,1
277,0.003992061376576173,1.0,0
277,0.005356729460004131,1.0,1
278,0.004030363152906571,1.0,0
278,0.00540740246807055,1.0,1
279,0.0040690254576034555,1.0,0
279,0.00545852515910479,1.0,1
280,0.004108051384791942,1.0,0
280,0.005510101057063481,1.0,1
281,0.004147444049975702,1.0,0
281,0.005562133706828112,1.0,1
282,0.004187206590101205,1.0,0
282,0.005614626674242287,1.0,1
283,0.004227342163620834,1.0,0
283,0.005667583546147894,1.0,1
284,0.004267853950554852,1.0,0
284,0.00572100793042025,1.0,1
285,0.004308745152552224,1.0,0
285,0.005774903456002118,1.0,1
286,0.004350018992950247,1.0,0
286,0.00582927377293666,1.0,1
287,0.004391678716832987,1.0,0
287,0.005884122552399299,1.0,1
288,0.004433727591088508,1.0,0
288,0.005939453486728402,1.0,1
289,0.004476168904464847,1.0,0
289,0.005995270289454885,1.0,1
290,0.004519005967624752,1.0,0
290,0.006051576695330668,1.0,1
291,0.004562242113199145,1.0,0
291,0.0061083764603559396,1.0,1
292,0.004605880695839291,1.0,0
292,0.006165673361805263,1.0,1
293,0.004649925092267656,1.0,0
293,0.0062234711982525085,1.0,1
294,0.004694378701327446,1.0,0
294,0.00628177378959457,1.0,1
295,0.004739244944030796,1.0,0
295,0.0063405849770739086,1.0,1
296,0.0047845272636056055,1.0,0
296,0.0063999086232997635,1.0,1
297,0.004830229125540982,1.0,0
297,0.006459748612268278,1.0,1
298,0.004876354017631301,1.0,0
298,0.006520108849381254,1.0,1
299,0.004922905450018848,1.0,0
299,0.006580993261463659,1.0,1
300,0.004969886955235029,1.0,0
300,0.006642405796779918,1.0,1
301,0.005017302088240138,1.0,0
301,0.006704350425048805,1.0,1
302,0.0050651544264616625,1.0,0
302,0.006766831137457133,1.0,1
303,0.0051134475698311095,1.0,0
303,0.006829851946672047,1.0,1
304,0.0051621851408193385,1.0,0
304,0.0068934168868520045,1.0,1
305,0.005211370784470388,1.0,0
305,0.00695753001365642,1.0,1
306,0.005261008168433768,1.0,0
306,0.007022195404253918,1.0,1
307,0.005311100982995235,1.0,0
307,0.007087417157329221,1.0,1
308,0.005361652941105981,1.0,0
308,0.007153199393088641,1.0,1
309,0.005412667778410303,1.0,0
309,0.00721954625326417,1.0,1
310,0.005464149253271634,1.0,0
310,0.007286461901116131,1.0,1
311,0.005516101146797034,1.0,0
311,0.0073539505214343945,1.0,1
312,0.005568527262860034,1.0,0
312,0.007422016320538164,1.0,1
313,0.005621431428121884,1.0,0
313,0.007490663526274244,1.0,1
314,0.005674817492051156,1.0,0
314,0.007559896388013881,1.0,1
315,0.005728689326941718,1.0,0
315,0.00762971917664808,1.0,1
316,0.005783050827929031,1.0,0
316,0.007700136184581364,1.0,1
317,0.005837905913004805,1.0,0
317,0.007771151725724089,1.0,1
318,0.005893258523029952,1.0,0
318,0.007842770135483127,1.0,1
319,0.005949112621745879,1.0,0
319,0.007914995770751035,1.0,1
320,0.006005472195784062,1.0,0
320,0.007987833009893627,1.0,1
321,0.0060623412546739275,1.0,0
321,0.00806128625273595,1.0,1
322,0.006119723830849011,1.0,0
322,0.008135359920546625,1.0,1
323,0.006177623979651412,1.0,0
323,0.008210058456020613,1.0,1
324,0.0062360457793344815,1.0,0
324,0.008285386323260254,1.0,1
325,0.006294993331063805,1.0,0
325,0.008361348007754687,1.0,1
326,0.006354470758916439,1.0,0
326,0.00843794801635759,1.0,1
327,0.006414482209878372,1.0,0
327,0.008515190877263165,1.0,1
328,0.006475031853840249,1.0,0
328,0.008593081139980457,1.0,1
329,0.006536123883591336,1.0,0
329,0.008671623375305876,1.0,1
330,0.006597762514811704,1.0,0
330,0.00875082217529403,1.0,1
331,0.006659951986062645,1.0,0
331,0.008830682153226669,1.0,1
332,0.006722696558775337,1.0,0
332,0.008911207943579916,1.0,1
333,0.006786000517237698,1.0,0
333,0.00899240420198964,1.0,1
334,0.0068498681685794805,1.0,0
334,0.009074275605214975,1.0,1
335,0.006914303842755578,1.0,0
335,0.00915682685109998,1.0,1
336,0.006979311892527563,1.0,0
336,0.009240062658533433,1.0,1
337,0.00704489669344341,1.0,0
337,0.00932398776740664,1.0,1
338,0.007111062643815479,1.0,0
338,0.009408606938569408,1.0,1
339,0.00717781416469667,1.0,0
339,0.00949392495378397,1.0,1
340,0.0072451556998548465,1.0,0
340,0.009579946615676984,1.0,1
341,0.007313091715745422,1.0,0
341,0.009666676747689512,1.0,1
342,0.00738162670148222,1.0,0
342,0.00975412019402491,1.0,1
343,0.007450765168806551,1.0,0
343,0.009842281819594767,1.0,1
344,0.0075205116520544735,1.0,0
344,0.009931166509962655,1.0,1
345,0.0075908707081223555,1.0,0
345,0.0100207791712858,1.0,1
346,0.007661846916430638,1.0,0
346,0.01011112473025467,1.0,1
347,0.00773344487888584,1.0,0
347,0.010202208134030267,1.0,1
348,0.007805669219840843,1.0,0
348,0.010294034350179367,1.0,1
349,0.007878524586053396,1.0,0
349,0.01038660836660739,1.0,1
350,0.007952015646642928,1.0,0
350,0.01047993519148914,1.0,1
351,0.008026147093045607,1.0,0
351,0.010574019853197154,1.0,1
352,0.008100923638967677,1.0,0
352,0.010668867400227808,1.0,1
353,0.008176350020337125,1.0,0
353,0.010764482901124958,1.0,1
354,0.008252430995253614,1.0,0
354,0.010860871444401345,1.0,1
355,0.008329171343936754,1.0,0
355,0.010958038138457441,1.0,1
356,0.008406575868672675,1.0,0
356,0.0110559881114979,1.0,1
357,0.008484649393758986,1.0,0
357,0.0111547265114455,1.0,1
358,0.00856339676544802,1.0,0
358,0.011254258505852578,1.0,1
359,0.008642822851888506,1.0,0
359,0.011354589281809846,1.0,1
360,0.00872293254306558,1.0,0
360,0.011455724045852626,1.0,1
361,0.00880373075073922,1.0,0
361,0.01155766802386446,1.0,1
362,0.008885222408381065,1.0,0
362,0.011660426460977973,1.0,1
363,0.008967412471109682,1.0,0
363,0.011764004621473052,1.0,1
364,0.009050305915624272,1.0,0
364,0.011868407788672253,1.0,1
365,0.009133907740136823,1.0,0
365,0.011973641264833348,1.0,1
366,0.009218222964302782,1.0,0
366,0.012079710371039045,1.0,1
367,0.009303256629150164,1.0,0
367,0.012186620447083804,1.0,1
368,0.009389013797007252,1.0,0
368,0.01229437685135768,1.0,1
369,0.009475499551428783,1.0,0
369,0.012402984960727132,1.0,1
370,0.009562718997120702,1.0,0
370,0.012512450170412874,1.0,1
371,0.009650677259863521,1.0,0
371,0.012622777893864536,1.0,1
372,0.009739379486434269,1.0,0
372,0.012733973562632197,1.0,1
373,0.009828830844527037,1.0,0
373,0.012846042626234757,1.0,1
374,0.009919036522672234,1.0,0
374,0.012958990552024945,1.0,1
375,0.01001000173015445,1.0,0
375,0.013072822825051155,1.0,1
376,0.010101731696929067,1.0,0
376,0.013187544947915781,1.0,1
377,0.010194231673537559,1.0,0
377,0.013303162440630227,1.0,1
378,0.010287506931021557,1.0,0
378,0.013419680840466344,1.0,1
379,0.010381562760835662,1.0,0
379,0.013537105701804416,1.0,1
380,0.010476404474759095,1.0,0
380,0.01365544259597746,1.0,1
381,0.010572037404806136,1.0,0
381,0.013774697111111905,1.0,1
382,0.010668466903135432,1.0,0
382,0.013894874851964579,1.0,1
383,0.010765698341958174,1.0,0
383,0.014015981439755756,1.0,1
384,0.010863737113445222,1.0,0
384,0.014138022511998543,1.0,1
385,0.01096258862963308,1.0,0
385,0.01426100372232423,1.0,1
386,0.011062258322328957,1.0,0
386,0.014384930740303612,1.0,1
387,0.011162751643014682,1.0,0
387,0.014509809251264369,1.0,1
388,0.011264074062749773,1.0,0
388,0.01463564495610423,1.0,1
389,0.011366231072073487,1.0,0
389,0.014762443571099942,1.0,1
390,0.01146922818090593,1.0,0
390,0.014890210827711994,1.0,1
391,0.011573070918448383,1.0,0
391,0.015018952472385001,1.0,1
392,0.011677764833082643,1.0,0
392,0.015148674266343604,1.0,1
393,0.011783315492269648,1.0,0
393,0.01527938198538394,1.0,1
394,0.011889728482447237,1.0,0
394,0.015411081419660516,1.0,1
395,0.011997009408927164,1.0,0
395,0.015543778373468422,1.0,1
396,0.012105163895791407,1.0,0
396,0.015677478665020804,1.0,1
397,0.012214197585787743,1.0,0
397,0.015812188126221566,1.0,1
398,0.012324116140224637,1.0,0
398,0.01594791260243314,1.0,1
399,0.012434925238865545,1.0,0
399,0.016084657952239286,1.0,1
400,0.01254663057982259,1.0,0
400,0.01622243004720286,1.0,1
401,0.012659237879449616,1.0,0
401,0.016361234771618424,1.0,1
402,0.012772752872234736,1.0,0
402,0.01650107802225963,1.0,1
403,0.012887181310692388,1.0,0
403,0.016641965708121285,1.0,1
404,0.013002528965254813,1.0,0
404,0.01678390375015603,1.0,1
405,0.013118801624163226,1.0,0
405,0.016926898081005545,1.0,1
406,0.013236005093358389,1.0,0
406,0.017070954644726136,1.0,1
407,0.013354145196370926,1.0,0
407,0.01721607939650872,1.0,1
408,0.013473227774211222,1.0,0
408,0.01736227830239302,1.0,1
409,0.013593258685258952,1.0,0
409,0.017509557338975912,1.0,1
410,0.013714243805152378,1.0,0
410,0.017657922493113862,1.0,1
411,0.013836189026677277,1.0,0
411,0.017807379761619356,1.0,1
412,0.013959100259655705,1.0,0
412,0.017957935150951156,1.0,1
413,0.014082983430834466,1.0,0
413,0.018109594676898395,1.0,1
414,0.01420784448377341,1.0,0
414,0.01826236436425841,1.0,1
415,0.014333689378733559,1.0,0
415,0.018416250246508097,1.0,1
416,0.014460524092565102,1.0,0
416,0.018571258365468822,1.0,1
417,0.0145883546185952,1.0,0
417,0.01872739477096479,1.0,1
418,0.01471718696651577,1.0,0
418,0.018884665520474745,1.0,1
419,0.014847027162271138,1.0,0
419,0.019043076678776832,1.0,1
420,0.01497788124794564,1.0,0
420,0.019202634317586727,1.0,1
421,0.015109755281651219,1.0,0
421,0.019363344515188684,1.0,1
422,0.015242655337414932,1.0,0
422,0.019525213356059723,1.0,1
423,0.01537658750506657,1.0,0
423,0.019688246930486507,1.0,1
424,0.015511557890126154,1.0,0
424,0.019852451334175195,1.0,1
425,0.015647572613691575,1.0,0
425,0.02001783266785377,1.0,1
426,0.015784637812326238,1.0,0
426,0.020184397036867207,1.0,1
427,0.015922759637946763,1.0,0
427,0.020352150550764992,1.0,1
428,0.016061944257710747,1.0,0
428,0.020521099322881153,1.0,1
429,0.016202197853904622,1.0,0
429,0.02069124946990659,1.0,1
430,0.01634352662383161,1.0,0
430,0.020862607111453726,1.0,1
431,0.01648593677969973,1.0,0
431,0.021035178369613283,1.0,1
432,0.016629434548509993,1.0,0
432,0.021208969368503174,1.0,1
433,0.016774026171944567,1.0,0
433,0.02138398623380944,1.0,1
434,0.01691971790625515,1.0,0
434,0.021560235092319097,1.0,1
435,0.017066516022151437,1.0,0
435,0.021737722071444816,1.0,1
436,0.01721442680468963,1.0,0
436,0.021916453298741475,1.0,1
437,0.017363456553161075,1.0,0
437,0.022096434901414365,1.0,1
438,0.017513611580981015,1.0,0
438,0.022277673005819034,1.0,1
439,0.01766489821557741,1.0,0
439,0.022460173736952783,1.0,1
440,0.01781732279827973,1.0,0
440,0.022643943217937598,1.0,1
441,0.01797089168420798,1.0,0
441,0.022828987569494533,1.0,1
442,0.018125611242161603,1.0,0
442,0.0230153129094096,1.0,1
443,0.01828148785450846,1.0,0
443,0.02320292535199087,1.0,1
444,0.018438527917073868,1.0,0
444,0.023391831007516885,1.0,1
445,0.018596737839029483,1.0,0
445,0.023582035981676363,1.0,1
446,0.018756124042782235,1.0,0
446,0.023773546374999035,1.0,1
447,0.018916692963863137,1.0,0
447,0.023966368282277647,1.0,1
448,0.019078451050815994,1.0,0
448,0.02416050779198111,1.0,1
449,0.01924140476508595,1.0,0
449,0.02435597098565861,1.0,1
450,0.019405560580907824,1.0,0
450,0.024552763937334902,1.0,1
451,0.019570924985194284,1.0,0
451,0.02475089271289658,1.0,1
452,0.019737504477423715,1.0,0
452,0.02495036336946923,1.0,1
453,0.019905305569527677,1.0,0
453,0.025151181954785787,1.0,1
454,0.020074334785778178,1.0,0
454,0.025353354506545602,1.0,1
455,0.02024459866267432,1.0,0
455,0.025556887051764718,1.0,1
456,0.020416103748828646,1.0,0
456,0.025761785606116926,1.0,1
457,0.02058885660485278,1.0,0
457,0.025968056173265898,1.0,1
458,0.020762863803242597,1.0,0
458,0.026175704744188167,1.0,1
459,0.020938131928262597,1.0,0
459,0.026384737296487354,1.0,1
460,0.021114667575829665,1.0,0
460,0.02659515979369905,1.0,1
461,0.02129247735339589,1.0,0
461,0.026806978184587087,1.0,1
462,0.021471567879830542,1.0,0
462,0.02702019840243057,1.0,1
463,0.021651945785301083,1.0,0
463,0.027234826364302335,1.0,1
464,0.021833617711153105,1.0,0
464,0.02745086797033828,1.0,1
465,0.02201659030978907,1.0,0
465,0.02766832910299813,1.0,1
466,0.022200870244545833,1.0,0
466,0.027887215626317362,1.0,1
467,0.022386464189570895,1.0,0
467,0.028107533385150457,1.0,1
468,0.022573378829697063,1.0,0
468,0.02832928820440569,1.0,1
469,0.022761620860315714,1.0,0
469,0.02855248588827127,1.0,1
470,0.022951196987248238,1.0,0
470,0.02877713221943318,1.0,1
471,0.023142113926615897,1.0,0
471,0.029003232958284678,1.0,1
472,0.02333437840470768,1.0,0
472,0.029230793842127553,1.0,1
473,0.02352799715784617,1.0,0
473,0.029459820584365325,1.0,1
474,0.023722976932251293,1.0,0
474,0.029690318873688334,1.0,1
475,0.0239193244839019,1.0,0
475,0.02992229437325141,1.0,1
476,0.02411704657839477,1.0,0
476,0.030155752719843214,1.0,1
477,0.02431614999080129,1.0,0
477,0.03039069952304847,1.0,1
478,0.02451664150552138,1.0,0
478,0.030627140364402686,1.0,1
479,0.024718527916134624,1.0,0
479,0.03086508079653948,1.0,1
480,0.02492181602524846,1.0,0
480,0.031104526342331094,1.0,1
481,0.025126512644343343,1.0,0
481,0.031345482494021804,1.0,1
482,0.025332624593614534,1.0,0
482,0.031587954712354635,1.0,1
483,0.02554015870181056,1.0,0
483,0.03183194842569175,1.0,1
484,0.025749121806068156,1.0,0
484,0.03207746902912836,1.0,1
485,0.02595952075174333,1.0,0
485,0.032324521883600556,1.0,1
486,0.026171362392238762,1.0,0
486,0.032573112314987454,1.0,1
487,0.02638465358882683,1.0,0
487,0.03282324561320749,1.0,1
488,0.026599401210468707,1.0,0
488,0.033074927031309515,1.0,1
489,0.02681561213362887,1.0,0
489,0.03332816178455859,1.0,1
490,0.027033293242085,1.0,0
490,0.03358295504951712,1.0,1
491,0.02725245142673322,1.0,0
491,0.0338393119631212,1.0,1
492,0.027473093585388245,1.0,0
492,0.034097237621752666,1.0,1
493,0.027695226622578478,1.0,0
493,0.03435673708030722,1.0,1
494,0.02791885744933574,1.0,0
494,0.03461781535125875,1.0,1
495,0.028143992982979392,1.0,0
495,0.03488047740372003,1.0,1
496,0.028370640146894836,1.0,0
496,0.03514472816250077,1.0,1
497,0.02859880587030605,1.0,0
497,0.035410572507162216,1.0,1
498,0.028828497088041926,1.0,0
498,0.03567801527106991,1.0,1
499,0.029059720740296377,1.0,0
499,0.035947061240443785,1.0,1
500,0.029292483772381882,1.0,0
500,0.03621771515340689,1.0,1
501,0.029526793134476273,1.0,0
501,0.03648998169903231,1.0,1
502,0.029762655781362612,1.0,0
502,0.036763865516389306,1.0,1
503,0.030000078672161798,1.0,0
503,0.0370393711935885,1.0,1
504,0.03023906877005805,1.0,0
504,0.037316503266827,1.0,1
505,0.030479633042016587,1.0,0
505,0.03759526621943325,1.0,1
506,0.030721778458493665,1.0,0
506,0.03787566448091251,1.0,1
507,0.030965511993138514,1.0,0
507,0.03815770242599309,1.0,1
508,0.0312108406224872,1.0,0
508,0.03844138437367389,1.0,1
509,0.03145777132564796,1.0,0
509,0.038726714586273595,1.0,1
510,0.03170631108397801,1.0,0
510,0.03901369726848153,1.0,1
511,0.03195646688075136,1.0,0
511,0.039302336566411605,1.0,1
512,0.03220824570081775,1.0,0
512,0.03959263656665865,1.0,1
513,0.032461654530252224,1.0,0
513,0.03988460129535824,1.0,1
514,0.03271670035599527,1.0,0
514,0.040178234717250225,1.0,1
515,0.03297339016548322,1.0,0
515,0.040473540734746426,1.0,1
516,0.033231730946268814,1.0,0
516,0.04077052318700292,1.0,1
517,0.033491729685631716,1.0,0
517,0.04106918584899739,1.0,1
518,0.033753393370178554,1.0,0
518,0.0413695324306119,1.0,1
519,0.03401672898543266,1.0,0
519,0.04167156657572168,1.0,1
520,0.03428174351541292,1.0,0
520,0.04197529186129004,1.0,1
521,0.034548443942201905,1.0,0
521,0.04228071179647052,1.0,1
522,0.034816837245502656,1.0,0
522,0.04258782982171575,1.0,1
523,0.03508693040218441,1.0,0
523,0.042896649307894406,1.0,1
524,0.035358730385816634,1.0,0
524,0.043207173555416,1.0,1
525,0.03563224416619151,1.0,0
525,0.04351940579336457,1.0,1
526,0.03590747870883446,1.0,0
526,0.04383334917864102,1.0,1
527,0.03618444097450272,1.0,0
527,0.044149006795115076,1.0,1
528,0.03646313791867143,1.0,0
528,0.044466381652787074,1.0,1
529,0.036743576491007644,1.0,0
529,0.04478547668696005,1.0,1
530,0.037025763634831524,1.0,0
530,0.04510629475742247,1.0,1
531,0.037309706286564805,1.0,0
531,0.045428838647642224,1.0,1
532,0.03759541137516635,1.0,0
532,0.045753111063972056,1.0,1
533,0.03788288582155463,1.0,0
533,0.04607911463486682,1.0,1
534,0.038172136538016946,1.0,0
534,0.04640685191011341,1.0,1
535,0.03846317042760515,1.0,0
535,0.046736325360072994,1.0,1
536,0.03875599438351798,1.0,0
536,0.047067537374936796,1.0,1
537,0.039050615288469516,1.0,0
537,0.04740049026399475,1.0,1
538,0.039347040014043794,1.0,0
538,0.04773518625491885,1.0,1
539,0.03964527542003562,1.0,0
539,0.04807162749305972,1.0,1
540,0.039945328353776934,1.0,0
540,0.04840981604075848,1.0,1
541,0.04024720564944925,1.0,0
541,0.04874975387667295,1.0,1
542,0.040550914127381404,1.0,0
542,0.04909144289511938,1.0,1
543,0.040856460593333,1.0,0
543,0.049434884905429514,1.0,1
544,0.04116385183776297,1.0,0
544,0.04978008163132317,1.0,1
545,0.04147309463508387,1.0,0
545,0.05012703471029733,1.0,1
546,0.041784195742900605,1.0,0
546,0.050475745693030996,1.0,1
547,0.042097161901234824,1.0,0
547,0.050826216042807085,1.0,1
548,0.04241199983173382,1.0,0
548,0.051178447134950636,1.0,1
549,0.04272871623686439,1.0,0
549,0.05153244025628427,1.0,1
550,0.043047317799091475,1.0,0
550,0.05188819660460079,1.0,1
551,0.04336781118004121,1.0,0
551,0.052245717288152874,1.0,1
552,0.04369020301964882,1.0,0
552,0.05260500332516058,1.0,1
553,0.04401449993529047,1.0,0
553,0.05296605564333638,1.0,1
554,0.04434070852089997,1.0,0
554,0.053328875079427816,1.0,1
555,0.04466883534606936,1.0,0
555,0.05369346237877817,1.0,1
556,0.04499888695513376,1.0,0
556,0.05405981819490504,1.0,1
557,0.04533086986624043,1.0,0
557,0.05442794308909692,1.0,1
558,0.04566479057040158,1.0,0
558,0.054797837530027656,1.0,1
559,0.046000655530531266,1.0,0
559,0.05516950189338929,1.0,1
560,0.04633847118046603,1.0,0
560,0.05554293646154263,1.0,1
561,0.046678243923969284,1.0,0
561,0.055918141423185956,1.0,1
562,0.04701998013371938,1.0,0
562,0.056295116873041826,1.0,1
563,0.047363686150281144,1.0,0
563,0.056673862811561664,1.0,1
564,0.047709368281061,1.0,0
564,0.0570543791446482,1.0,1
565,0.04805703279924543,1.0,0
565,0.05743666568339555,1.0,1
566,0.048406685942722565,1.0,0
566,0.05782072214384705,1.0,1
567,0.04875833391298731,1.0,0
567,0.05820654814677037,1.0,1
568,0.0491119828740292,1.0,0
568,0.05859414321744987,1.0,1
569,0.04946763895120341,1.0,0
569,0.05898350678549588,1.0,1
570,0.04982530823008467,1.0,0
570,0.05937463818467114,1.0,1
571,0.05018499675530383,1.0,0
571,0.05976753665273339,1.0,1
572,0.050546710529366996,1.0,0
572,0.06016220133129444,1.0,1
573,0.05091045551145749,1.0,0
573,0.060558631265695294,1.0,1
574,0.05127623761621976,1.0,0
574,0.06095682540489669,1.0,1
575,0.051644062712525834,1.0,0
575,0.06135678260138535,1.0,1
576,0.0520139366222237,1.0,0
576,0.06175850161109483,1.0,1
577,0.0523858651188675,1.0,0
577,0.06216198109334131,1.0,1
578,0.05275985392642981,1.0,0
578,0.06256721961077324,1.0,1
579,0.053135908717994985,1.0,0
579,0.06297421562933521,1.0,1
580,0.053514035114434366,1.0,0
580,0.06338296751824467,1.0,1
581,0.05389423868306233,1.0,0
581,0.063793473549982,1.0,1
582,0.05427652493627327,1.0,0
582,0.0642057319002925,1.0,1
583,0.05466089933015961,1.0,0
583,0.06461974064820086,1.0,1
584,0.05504736726310991,1.0,0
584,0.06503549777603644,1.0,1
585,0.05543593407438755,1.0,0
585,0.06545300116946993,1.0,1
586,0.05582660504268906,1.0,0
586,0.06587224861756004,1.0,1
587,0.05621938538468232,1.0,0
587,0.06629323781280984,1.0,1
588,0.05661428025352411,1.0,0
588,0.06671596635123278,1.0,1
589,0.05701129473735664,1.0,0
589,0.06714043173242673,1.0,1
590,0.057410433857782994,1.0,0
590,0.06756663135965636,1.0,1
591,0.05781170256832067,1.0,0
591,0.06799456253994288,1.0,1
592,0.05821510575283347,1.0,0
592,0.06842422248416033,1.0,1
593,0.058620648223940794,1.0,0
593,0.06885560830713822,1.0,1
594,0.05902833472140436,1.0,0
594,0.06928871702776943,1.0,1
595,0.05943816991049165,1.0,0
595,0.06972354556912323,1.0,1
596,0.05985015838031579,1.0,0
596,0.07016009075856207,1.0,1
597,0.06026430464215148,1.0,0
597,0.07059834932786219,1.0,1
598,0.06068061312772628,1.0,0
598,0.07103831791333677,1.0,1
599,0.06109908818748708,1.0,0
599,0.07147999305596166,1.0,1
600,0.06151973408884092,1.0,0
600,0.07192337120150186,1.0,1
601,0.06194255501436994,1.0,0
601,0.07236844870063985,1.0,1
602,0.062367555060019876,1.0,0
602,0.0728152218091026,1.0,1
603,0.06279473823326107,1.0,0
603,0.07326368668778958,1.0,1
604,0.06322410845122253,1.0,0
604,0.07371383940289823,1.0,1
605,0.06365566953879709,1.0,0
605,0.07416567592604832,1.0,1
606,0.06408942522671816,1.0,0
606,0.07461919213440335,1.0,1
607,0.06452537914960706,1.0,0
607,0.07507438381078864,1.0,1
608,0.06496353484398998,1.0,0
608,0.07553124664380594,1.0,1
609,0.06540389574628475,1.0,0
609,0.07598977622794288,1.0,1
610,0.06584646519075593,1.0,0
610,0.07644996806367774,1.0,1
611,0.06629124640743801,1.0,0
611,0.07691181755757805,1.0,1
612,0.06673824252002615,1.0,0
612,0.07737532002239286,1.0,1
613,0.06718745654373338,1.0,0
613,0.0778404706771381,1.0,1
614,0.06763889138311416,1.0,0
614,0.07830726464717402,1.0,1
615,0.06809254982985284,1.0,0
615,0.07877569696427439,1.0,1
616,0.06854843456051726,1.0,0
616,0.07924576256668736,1.0,1
617,0.06900654813427601,1.0,0
617,0.07971745629918668,1.0,1
618,0.06946689299057908,1.0,0
618,0.08019077291311273,1.0,1
619,0.06992947144680145,1.0,0
619,0.08066570706640391,1.0,1
620,0.07039428569584798,1.0,0
620,0.08114225332361676,1.0,1
621,0.07086133780372042,1.0,0
621,0.08162040615593474,1.0,1
622,0.07133062970704437,1.0,0
622,0.0821001599411655,1.0,1
623,0.07180216321055684,1.0,0
623,0.08258150896372589,1.0,1
624,0.07227593998455267,1.0,0
624,0.08306444741461433,1.0,1
625,0.07275196156229023,1.0,0
625,0.0835489693913706,1.0,1
626,0.07323022933735496,1.0,0
626,0.08403506889802184,1.0,1
627,0.07371074456098094,1.0,0
627,0.08452273984501557,1.0,1
628,0.07419350833932928,1.0,0
628,0.08501197604913863,1.0,1
629,0.07467852163072335,1.0,0
629,0.0855027712334218,1.0,1
630,0.0751657852428402,1.0,0
630,0.08599511902703062,1.0,1
631,0.0756552998298577,1.0,0
631,0.08648901296514129,1.0,1
632,0.07614706588955701,1.0,0
632,0.08698444648880217,1.0,1
633,0.07664108376038048,1.0,0
633,0.08748141294478019,1.0,1
634,0.07713735361844405,1.0,0
634,0.08797990558539284,1.0,1
635,0.07763587547450414,1.0,0
635,0.08847991756832468,1.0,1
636,0.07813664917087944,1.0,0
636,0.08898144195642947,1.0,1
637,0.07863967437832667,1.0,0
637,0.08948447171751676,1.0,1
638,0.07914495059287079,1.0,0
638,0.08998899972412393,1.0,1
639,0.07965247713258944,1.0,0
639,0.09049501875327325,1.0,1
640,0.08016225313435238,1.0,0
640,0.09100252148621435,1.0,1
641,0.08067427755051476,1.0,0
641,0.09151150050815167,1.0,1
642,0.08118854914556632,1.0,0
642,0.0920219483079582,1.0,1
643,0.08170506649273548,1.0,0
643,0.09253385727787437,1.0,1
644,0.08222382797054933,1.0,0
644,0.0930472197131933,1.0,1
645,0.08274483175935027,1.0,0
645,0.09356202781193242,1.0,1
646,0.08326807583776978,1.0,0
646,0.09407827367449167,1.0,1
647,0.08379355797916015,1.0,0
647,0.09459594930329876,1.0,1
648,0.08432127574798504,1.0,0
648,0.0951150466024421,1.0,1
649,0.0848512264961702,1.0,0
649,0.09563555737729117,1.0,1
650,0.08538340735941516,1.0,0
650,0.09615747333410514,1.0,1
651,0.08591781525346737,1.0,0
651,0.09668078607963143,1.0,1
652,0.08645444687036027,1.0,0
652,0.09720548712069203,1.0,1
653,0.08699329867461703,1.0,0
653,0.09773156786376093,1.0,1
654,0.08753436689942089,1.0,0
654,0.09825901961453186,1.0,1
655,0.0880776475427552,1.0,0
655,0.09878783357747672,1.0,1
656,0.08862313636351433,1.0,0
656,0.09931800085539662,1.0,1
657,0.08917082887758772,1.0,0
657,0.09984951244896484,1.0,1
658,0.0897207203539197,1.0,0
658,0.10038235925626385,1.0,1
659,0.09027280581054754,1.0,0
659,0.10091653207231521,1.0,1
660,0.0908270800106201,1.0,0
660,0.10145202158860579,1.0,1
661,0.09138353745840043,1.0,0
661,0.10198881839260862,1.0,1
662,0.09194217239525497,1.0,0
662,0.10252691296730054,1.0,1
663,0.09250297879563243,1.0,0
663,0.10306629569067793,1.0,1
664,0.09306595036303669,1.0,0
664,0.10360695683526976,1.0,1
665,0.09363108052599561,1.0,0
665,0.1041488865676507,1.0,1
666,0.09419836243403135,1.0,0
666,0.10469207494795446,1.0,1
667,0.09476778895363451,1.0,0
667,0.10523651192938802,1.0,1
668,0.0953393526642477,1.0,0
668,0.10578218735774822,1.0,1
669,0.09591304585426157,1.0,0
669,0.10632909097094219,1.0,1
670,0.09648886051702826,1.0,0
670,0.10687721239851135,1.0,1
671,0.09706678834689769,1.0,0
671,0.10742654116116164,1.0,1
672,0.0976468207352799,1.0,0
672,0.10797706667029962,1.0,1
673,0.0982289487667403,1.0,0
673,0.10852877822757695,1.0,1
674,0.09881316321513177,1.0,0
674,0.1090816650244431,1.0,1
675,0.09939945453976945,1.0,0
675,0.10963571614170828,1.0,1
676,0.09998781288165384,1.0,0
676,0.11019092054911753,1.0,1
677,0.10057822805974809,1.0,0
677,0.11074726710493732,1.0,1
678,0.10117068956731487,1.0,0
678,0.11130474455555517,1.0,1
679,0.10176518656831922,1.0,0
679,0.11186334153509447,1.0,1
680,0.10236170789390417,1.0,0
680,0.11242304656504518,1.0,1
681,0.10296024203894383,1.0,0
681,0.11298384805391137,1.0,1
682,0.10356077715868281,1.0,0
682,0.11354573429687786,1.0,1
683,0.10416330106546633,1.0,0
683,0.1141086934754957,1.0,1
684,0.10476780122556954,1.0,0
684,0.11467271365738917,1.0,1
685,0.10537426475613147,1.0,0
685,0.11523778279598497,1.0,1
686,0.10598267842220249,1.0,0
686,0.11580388873026409,1.0,1
687,0.10659302863390951,1.0,0
687,0.11637101918453965,1.0,1
688,0.10720530144374985,1.0,0
688,0.11693916176825957,1.0,1
689,0.10781948254401705,1.0,0
689,0.11750830397583659,1.0,1
690,0.10843555726436904,1.0,0
690,0.11807843318650757,1.0,1
691,0.1090535105695447,1.0,0
691,0.11864953666422175,1.0,1
692,0.10967332705723537,1.0,0
692,0.11922160155756015,1.0,1
693,0.11029499095612115,1.0,0
693,0.11979461489968729,1.0,1
694,0.11091848612407619,1.0,0
694,0.12036856360833666,1.0,1
695,0.11154379604655357,1.0,0
695,0.12094343448583006,1.0,1
696,0.1121709038351546,1.0,0
696,0.12151921421913395,1.0,1
697,0.11279979222639111,1.0,0
697,0.12209588937995224,1.0,1
698,0.11343044358064774,1.0,0
698,0.12267344642485722,1.0,1
699,0.11406283988135152,1.0,0
699,0.12325187169546101,1.0,1
700,0.11469696273435533,1.0,0
700,0.12383115141862668,1.0,1
701,0.11533279336754251,1.0,0
701,0.1244112717067218,1.0,1
702,0.11597031263065989,1.0,0
702,0.12499221855791498,1.0,1
703,0.11660950099538477,1.0,0
703,0.12557397785651633,1.0,1
704,0.11725033855563327,1.0,0
704,0.12615653537336313,1.0,1
705,0.11789280502811633,1.0,0
705,0.1267398767662523,1.0,1
706,0.11853687975314842,1.0,0
706,0.1273239875804199,1.0,1
707,0.11918254169571625,1.0,0
707,0.1279088532490688,1.0,1
708,0.11982976944681185,1.0,0
708,0.12849445909394672,1.0,1
709,0.12047854122503596,1.0,0
709,0.1290807903259737,1.0,1
710,0.12112883487847652,1.0,0
710,0.12966783204592183,1.0,1
711,0.12178062788686696,1.0,0
711,0.1302555692451467,1.0,1
712,0.12243389736402892,1.0,0
712,0.1308439868063726,1.0,1
713,0.123088620060603,1.0,0
713,0.1314330695045319,1.0,1
714,0.12374477236707153,1.0,0
714,0.13202280200765876,1.0,1
715,0.12440233031707632,1.0,0
715,0.13261316887783992,1.0,1
716,0.1250612695910347,1.0,0
716,0.13320415457222073,1.0,1
717,0.12572156552005598,1.0,0
717,0.1337957434440699,1.0,1
718,0.12638319309016016,1.0,0
718,0.13438791974390094,1.0,1
719,0.12704612694680092,1.0,0
719,0.1349806676206537,1.0,1
720,0.12771034139969398,1.0,0
720,0.13557397112293482,1.0,1
721,0.12837581042795063,1.0,0
721,0.13616781420031748,1.0,1
722,0.12904250768551784,1.0,0
722,0.1367621807047029,1.0,1
723,0.1297104065069238,1.0,0
723,0.13735705439174237,1.0,1
724,0.130379479913328,1.0,0
724,0.13795241892232055,1.0,1
725,0.1310497006188745,1.0,0
725,0.13854825786410113,1.0,1
726,0.1317210410373474,1.0,0
726,0.13914455469313525,1.0,1
727,0.13239347328912474,1.0,0
727,0.13974129279553138,1.0,1
728,0.13306696920842848,1.0,0
728,0.1403384554691897,1.0,1
729,0.1337415003508674,1.0,0
729,0.1409360259255982,1.0,1
730,0.13441703800126842,1.0,0
730,0.1415339872916936,1.0,1
731,0.1350935531817919,1.0,0
731,0.14213232261178452,1.0,1
732,0.13577101666032593,1.0,0
732,0.14273101484953934,1.0,1
733,0.136449398959154,1.0,0
733,0.1433300468900367,1.0,1
734,0.13712867036388943,1.0,0
734,0.14392940154188036,1.0,1
735,0.13780880093267084,1.0,0
735,0.14452906153937706,1.0,1
736,0.13848976050561065,1.0,0
736,0.14512900954477773,1.0,1
737,0.1391715187144892,1.0,0
737,0.14572922815058223,1.0,1
738,0.1398540449926864,1.0,0
738,0.14632969988190647,1.0,1
739,0.1405373085853418,1.0,0
739,0.14693040719891196,1.0,1
740,0.14122127855973518,1.0,0
740,0.1475313324992981,1.0,1
741,0.14190592381587644,1.0,0
741,0.14813245812085507,1.0,1
742,0.1425912130972959,1.0,0
742,0.14873376634407898,1.0,1
743,0.14327711500202467,1.0,0
743,0.14933523939484655,1.0,1
744,0.14396359799375316,1.0,0
744,0.14993685944715004,1.0,1
745,0.1446506304131583,1.0,0
745,0.1505386086258912,1.0,1
746,0.14533818048938607,1.0,0
746,0.1511404690097337,1.0,1
747,0.1460262163516788,1.0,0
747,0.1517424226340124,1.0,1
748,0.14671470604113504,1.0,0
748,0.15234445149369974,1.0,1
749,0.1474036175225889,1.0,0
749,0.15294653754642734,1.0,1
750,0.14809291869659577,1.0,0
750,0.1535486627155619,1.0,1
751,0.14878257741151363,1.0,0
751,0.15415080889333416,1.0,1
752,0.14947256147566462,1.0,0
752,0.15475295794402064,1.0,1
753,0.1501628386695647,1.0,0
753,0.1553550917071748,1.0,1
754,0.15085337675820734,1.0,0
754,0.15595719200090882,1.0,1
755,0.15154414350338896,1.0,0
755,0.15655924062522245,1.0,1
756,0.1522351066760611,1.0,0
756,0.15716121936537852,1.0,1
757,0.1529262340686963,1.0,0
757,0.15776310999532348,1.0,1
758,0.15361749350765475,1.0,0
758,0.15836489428115053,1.0,1
759,0.15430885286553622,1.0,0
759,0.15896655398460502,1.0,1
760,0.15500028007350633,1.0,0
760,0.15956807086662822,1.0,1
761,0.15569174313358047,1.0,0
761,0.1601694266909411,1.0,1
762,0.15638321013085515,1.0,0
762,0.1607706032276611,1.0,1
763,0.157074649245671,1.0,0
763,0.16137158225695544,1.0,1
764,0.15776602876569576,1.0,0
764,0.16197234557272508,1.0,1
765,0.15845731709791366,1.0,0
765,0.16257287498631823,1.0,1
766,0.15914848278050842,1.0,0
766,0.1631731523302719,1.0,1
767,0.159839494494628,1.0,0
767,0.16377315946207938,1.0,1
768,0.16053032107601847,1.0,0
768,0.1643728782679792,1.0,1
769,0.16122093152651484,1.0,0
769,0.16497229066676702,1.0,1
770,0.1619112950253776,1.0,0
770,0.16557137861362395,1.0,1
771,0.1626013809404635,1.0,0
771,0.16617012410396192,1.0,1
772,0.1632911588392204,1.0,0
772,0.1667685091772824,1.0,1
773,0.16398059849949406,1.0,0
773,0.16736651592104557,1.0,1
774,0.16466966992013835,1.0,0
774,0.1679641264745489,1.0,1
775,0.1653583433314185,1.0,0
775,0.16856132303281046,1.0,1
776,0.16604658920519783,1.0,0
776,0.1691580878504557,1.0,1
777,0.1667343782648996,1.0,0
777,0.1697544032456051,1.0,1
778,0.16742168149523526,1.0,0
778,0.17035025160375952,1.0,1
779,0.1681084701516917,1.0,0
779,0.17094561538168018,1.0,1
780,0.16879471576976904,1.0,0
780,0.17154047711126133,1.0,1
781,0.1694803901739633,1.0,0
781,0.17213481940339284,1.0,1
782,0.1701654654864865,1.0,0
782,0.17272862495180888,1.0,1
783,0.17084991413571868,1.0,0
783,0.17332187653692124,1.0,1
784,0.17153370886438624,1.0,0
784,0.17391455702963352,1.0,1
785,0.17221682273746194,1.0,0
785,0.17450664939513424,1.0,1
786,0.17289922914978156,1.0,0
786,0.17509813669666519,1.0,1
787,0.17358090183337382,1.0,0
787,0.17568900209926286,1.0,1
788,0.17426181486450015,1.0,0
788,0.17627922887347006,1.0,1
789,0.17494194267040095,1.0,0
789,0.17686880039901517,1.0,1
790,0.17562126003574588,1.0,0
790,0.17745770016845527,1.0,1
791,0.17629974210878732,1.0,0
791,0.17804591179078216,1.0,1
792,0.17697736440721404,1.0,0
792,0.17863341899498697,1.0,1
793,0.1776541028237051,1.0,0
793,0.17922020563358196,1.0,1
794,0.1783299336311838,1.0,0
794,0.17980625568607533,1.0,1
795,0.17900483348776952,1.0,0
795,0.18039155326239883,1.0,1
796,0.17967877944143137,1.0,0
796,0.18097608260628262,1.0,1
797,0.18035174893434114,1.0,0
797,0.18155982809857815,1.0,1
798,0.18102371980692886,1.0,0
798,0.18214277426052322,1.0,1
799,0.18169467030164163,1.0,0
799,0.18272490575695052,1.0,1
800,0.18236457906640832,1.0,0
800,0.18330620739943318,1.0,1
801,0.18303342515781312,1.0,0
801,0.18388666414936947,1.0,1
802,0.1837011880439784,1.0,0
802,0.18446626112099998,1.0,1
803,0.18436784760716368,1.0,0
803,0.1850449835843594,1.0,1
804,0.18503338414608095,1.0,0
804,0.18562281696815702,1.0,1
805,0.18569777837793158,1.0,0
805,0.18619974686258753,1.0,1
806,0.18636101144016995,1.0,0
806,0.1867757590220658,1.0,1
807,0.1870230648919952,1.0,0
807,0.1873508393678895,1.0,1
808,0.18768392071557916,1.0,0
808,0.18792497399082198,1.0,1
809,0.18834356131703311,1.0,0
809,0.18849814915359783,1.0,1
810,0.18900196952711976,1.0,0
810,0.1890703512933473,1.0,1
811,0.18965912860171388,1.0,0
811,0.18964156702393953,1.0,1
812,0.1903150222220209,1.0,0
812,0.19021178313824186,1.0,1
813,0.19096963449455423,1.0,0
813,0.19078098661029436,1.0,1
814,0.19162294995088158,1.0,0
814,0.1913491645973995,1.0,1
815,0.19227495354714325,1.0,0
815,0.19191630444212315,1.0,1
816,0.19292563066335094,1.0,0
816,0.19248239367420858,1.0,1
817,0.1935749671024714,1.0,0
817,0.19304742001240066,1.0,1
818,0.19422294908930166,1.0,0
818,0.19361137136618103,1.0,1
819,0.19486956326914395,1.0,0
819,0.19417423583741084,1.0,1
820,0.1955147967062844,1.0,0
820,0.19473600172188324,1.0,1
821,0.19615863688228358,1.0,0
821,0.1952966575107836,1.0,1
822,0.19680107169408514,1.0,0
822,0.19585619189205644,1.0,1
823,0.1974420894519492,1.0,0
823,0.19641459375168047,1.0,1
824,0.19808167887721623,1.0,0
824,0.19697185217484903,1.0,1
825,0.19871982909991062,1.0,0
825,0.19752795644705767,1.0,1
826,0.19935652965618642,1.0,0
826,0.198082896055098,1.0,1
827,0.19999177048562583,1.0,0
827,0.19863666068795752,1.0,1
828,0.20062554192839482,1.0,0
828,0.19918924023762635,1.0,1
829,0.20125783472226275,1.0,0
829,0.1997406247998091,1.0,1
830,0.20188863999949183,1.0,0
830,0.2002908046745449,1.0,1
831,0.20251794928360553,1.0,0
831,0.20083977036673342,1.0,1
832,0.20314575448603758,1.0,0
832,0.20138751258656856,1.0,1
833,0.20377204790267203,1.0,0
833,0.20193402224987977,1.0,1
834,0.20439682221027855,1.0,0
834,0.20247929047838187,1.0,1
835,0.20502007046284818,1.0,0
835,0.20302330859983397,1.0,1
836,0.20564178608783826,1.0,0
836,0.20356606814810754,1.0,1
837,0.20626196288232898,1.0,0
837,0.20410756086316595,1.0,1
838,0.20688059500909944,1.0,0
838,0.20464777869095394,1.0,1
839,0.2074976769926282,1.0,0
839,0.20518671378320053,1.0,1
840,0.20811320371502365,1.0,0
840,0.20572435849713475,1.0,1
841,0.20872717041188968,1.0,0
841,0.20626070539511507,1.0,1
842,0.20933957266813114,1.0,0
842,0.20679574724417496,1.0,1
843,0.20995040641370535,1.0,0
843,0.20732947701548468,1.0,1
844,0.210559667919324,1.0,0
844,0.2078618878837308,1.0,1
845,0.21116735379210919,1.0,0
845,0.20839297322641476,1.0,1
846,0.21177346097121014,1.0,0
846,0.20892272662307154,1.0,1
847,0.21237798672338346,1.0,0
847,0.2094511418544109,1.0,1
848,0.21298092863854237,1.0,0
848,0.20997821290138005,1.0,1
849,0.21358228462527837,1.0,0
849,0.2105039339441535,1.0,1
850,0.21418205290635936,1.0,0
850,0.2110282993610463,1.0,1
851,0.21478023201420884,1.0,0
851,0.2115513037273568,1.0,1
852,0.21537682078636958,1.0,0
852,0.21207294181413824,1.0,1
853,0.21597181836095505,1.0,0
853,0.21259320858690064,1.0,1
854,0.216565224172092,1.0,0
854,0.21311209920424573,1.0,1
855,0.21715703794535912,1.0,0
855,0.21362960901643613,1.0,1
856,0.21774725969322198,1.0,0
856,0.21414573356389963,1.0,1
857,0.21833588971047077,1.0,0
857,0.21466046857567228,1.0,1
858,0.21892292856966108,1.0,0
858,0.21517380996778,1.0,1
859,0.2195083771165615,1.0,0
859,0.21568575384156077,1.0,1
860,0.22009223646561116,1.0,0
860,0.21619629648193153,1.0,1
861,0.220674507995389,1.0,0
861,0.21670543435559775,1.0,1
862,0.22125519334409754,1.0,0
862,0.21721316410921068,1.0,1
863,0.22183429440506333,1.0,0
863,0.21771948256747262,1.0,1
864,0.22241181332225615,1.0,0
864,0.2182243867311923,1.0,1
865,0.22298775248582917,1.0,0
865,0.218727873775292,1.0,1
866,0.22356211452768207,1.0,0
866,0.21922994104676896,1.0,1
867,0.2241349023170489,1.0,0
867,0.21973058606261223,1.0,1
868,0.22470611895611167,1.0,0
868,0.22022980650767698,1.0,1
869,0.22527576777564257,1.0,0
869,0.22072760023251814,1.0,1
870,0.2258438523306754,1.0,0
870,0.22122396525118518,1.0,1
871,0.2264103763962076,1.0,0
871,0.22171889973898046,1.0,1
872,0.22697534396293456,1.0,0
872,0.22221240203018233,1.0,1
873,0.2275387592330177,1.0,0
873,0.22270447061573376,1.0,1
874,0.2281006266158857,1.0,0
874,0.22319510414090185,1.0,1
875,0.22866095072407325,1.0,0
875,0.22368430140290538,1.0,1
876,0.2292197363690936,1.0,0
876,0.22417206134851675,1.0,1
877,0.22977698855735107,1.0,0
877,0.2246583830716361,1.0,1
878,0.2303327124860891,1.0,0
878,0.22514326581084212,1.0,1
879,0.23088691353937865,1.0,0
879,0.22562670894692158,1.0,1
880,0.23143959728414568,1.0,0
880,0.22610871200037563,1.0,1
881,0.23199076946623723,1.0,0
881,0.22658927462891018,1.0,1
882,0.23254043600653013,1.0,0
882,0.2270683966249072,1.0,1
883,0.23308860299707837,1.0,0
883,0.2275460779128819,1.0,1
884,0.23363527669730266,1.0,0
884,0.22802231854692565,1.0,1
885,0.23418046353022162,1.0,0
885,0.22849711870813738,1.0,1
886,0.2347241700787235,1.0,0
886,0.22897047870204496,1.0,1
887,0.23526640308188132,1.0,0
887,0.22944239895601792,1.0,1
888,0.23580716943130892,1.0,0
888,0.22991288001667345,1.0,1
889,0.23634647616755913,1.0,0
889,0.2303819225472768,1.0,1
890,0.23688433047656474,1.0,0
890,0.23084952732513933,1.0,1
891,0.23742073968612115,1.0,0
891,0.23131569523901357,1.0,1
892,0.23795571126241064,1.0,0
892,0.23178042728648912,1.0,1
893,0.2384892528065695,1.0,0
893,0.23224372457138817,1.0,1
894,0.2390213720512968,1.0,0
894,0.2327055883011659,1.0,1
895,0.23955207685750374,1.0,0
895,0.23316601978431414,1.0,1
896,0.24008137521100636,1.0,0
896,0.23362502042777147,1.0,1
897,0.240609275219258,1.0,0
897,0.23408259173434026,1.0,1
898,0.24113578510812306,1.0,0
898,0.2345387353001134,1.0,1
899,0.24166091321869193,1.0,0
899,0.23499345281191128,1.0,1
900,0.24218466800413613,1.0,0
900,0.23544674604473098,1.0,1
901,0.24270705802660295,1.0,0
901,0.2358986168592077,1.0,1
902,0.24322809195415043,1.0,0
902,0.23634906719909232,1.0,1
903,0.2437477785577215,1.0,0
903,0.23679809908874483,1.0,1
904,0.24426612670815626,1.0,0
904,0.237245714630645,1.0,1
905,0.2447831453732437,1.0,0
905,0.23769191600292172,1.0,1
906,0.24529884361481108,1.0,0
906,0.23813670545690335,1.0,1
907,0.24581323058585053,1.0,0
907,0.2385800853146897,1.0,1
908,0.24632631552768278,1.0,0
908,0.23902205796674586,1.0,1
909,0.24683810776715764,1.0,0
909,0.23946262586952116,1.0,1
910,0.24734861671389066,1.0,0
910,0.23990179154309335,1.0,1
911,0.24785785185753476,1.0,0
911,0.24033955756883896,1.0,1
912,0.24836582276508742,1.0,0
912,0.24077592658713162,1.0,1
913,0.24887253907823226,1.0,0
913,0.24121090129507056,1.0,1
914,0.2493780105107134,1.0,0
914,0.24164448444423692,1.0,1
915,0.24988224684574534,1.0,0
915,0.24207667883848383,1.0,1
916,0.2503852579334536,1.0,0
916,0.24250748733175748,1.0,1
917,0.25088705368834885,1.0,0
917,0.2429369128259518,1.0,1
918,0.2513876440868317,1.0,0
918,0.24336495826879825,1.0,1
919,0.25188703916472915,1.0,0
919,0.24379162665179144,1.0,1
920,0.25238524901486187,1.0,0
920,0.2442169210081494,1.0,1
921,0.25288228378464,1.0,0
921,0.24464084441081435,1.0,1
922,0.2533781536736899,1.0,0
922,0.24506339997048968,1.0,1
923,0.25387286893150784,1.0,0
923,0.24548459083371832,1.0,1
924,0.25436643985514396,1.0,0
924,0.24590442018099903,1.0,1
925,0.25485887678691127,1.0,0
925,0.2463228912249468,1.0,1
926,0.2553501901121233,1.0,0
926,0.24674000720849323,1.0,1
927,0.2558403902568572,1.0,0
927,0.2471557714031311,1.0,1
928,0.25632948768574354,1.0,0
928,0.24757018710720102,1.0,1
929,0.25681749289977923,1.0,0
929,0.24798325764422574,1.0,1
930,0.2573044164341673,1.0,0
930,0.24839498636128543,1.0,1
931,0.2577902688561789,1.0,0
931,0.24880537662744243,1.0,1
932,0.25827506076303935,1.0,0
932,0.2492144318322106,1.0,1
933,0.2587588027798367,1.0,0
933,0.24962215538407254,1.0,1
934,0.2592415055574526,1.0,0
934,0.25002855070904473,1.0,1
935,0.25972317977051423,1.0,0
935,0.25043362124929036,1.0,1
936,0.2602038361153681,1.0,0
936,0.25083737046178206,1.0,1
937,0.26068348530807367,1.0,0
937,0.2512398018170127,1.0,1
938,0.2611621380824164,1.0,0
938,0.251640918797758,1.0,1
939,0.2616398051879409,1.0,0
939,0.252040724897887,1.0,1
940,0.2621164973880024,1.0,0
940,0.2524392236212256,1.0,1
941,0.26259222545783645,1.0,0
941,0.25283641848046945,1.0,1
942,0.26306700018264584,1.0,0
942,0.2532323129961491,1.0,1
943,0.26354083235570536,1.0,0
943,0.2536269106956465,1.0,1
944,0.264013732776482,1.0,0
944,0.2540202151122639,1.0,1
945,0.26448571224877265,1.0,0
945,0.25441222978434425,1.0,1
946,0.26495678157885527,1.0,0
946,0.25480295825444416,1.0,1
947,0.2654269515736568,1.0,0
947,0.25519240406855975,1.0,1
948,0.2658962330389349,1.0,0
948,0.25558057077540475,1.0,1
949,0.26636463677747274,1.0,0
949,0.2559674619257418,1.0,1
950,0.26683217358728883,1.0,0
950,0.2563530810717652,1.0,1
951,0.2672988542598585,1.0,0
951,0.2567374317665374,1.0,1
952,0.2677646895783482,1.0,0
952,0.2571205175634789,1.0,1
953,0.2682296903158623,1.0,0
953,0.2575023420159084,1.0,1
954,0.26869386723370065,1.0,0
954,0.2578829086766384,1.0,1
955,0.26915723107962797,1.0,0
955,0.2582622210976202,1.0,1
956,0.2696197925861527,1.0,0
956,0.2586402828296435,1.0,1
957,0.27008156246881787,1.0,0
957,0.2590170974220865,1.0,1
958,0.27054255142449996,1.0,0
958,0.2593926684227182,1.0,1
959,0.2710027701297181,1.0,0
959,0.25976699937755177,1.0,1
960,0.2714622292389519,1.0,0
960,0.26014009383074954,1.0,1
961,0.27192093938296824,1.0,0
961,0.26051195532457827,1.0,1
962,0.27237891116715507,1.0,0
962,0.26088258739941433,1.0,1
963,0.27283615516986504,1.0,0
963,0.26125199359379964,1.0,1
964,0.2732926819407643,1.0,0
964,0.26162017744454624,1.0,1
965,0.2737485019991896,1.0,0
965,0.2619871424868899,1.0,1
966,0.27420362583251284,1.0,0
966,0.26235289225469266,1.0,1
967,0.27465806389451,1.0,0
967,0.2627174302806919,1.0,1
968,0.27511182660373756,1.0,0
968,0.2630807600967977,1.0,1
969,0.2755649243419152,1.0,0
969,0.26344288523443593,1.0,1
970,0.2760173674523123,1.0,0
970,0.2638038092249386,1.0,1
971,0.27646916623814055,1.0,0
971,0.2641635355999771,1.0,1
972,0.27692033096095253,1.0,0
972,0.26452206789204147,1.0,1
973,0.27737087183904247,1.0,0
973,0.2648794096349635,1.0,1
974,0.27782079904585416,1.0,0
974,0.26523556436448176,1.0,1
975,0.2782701227083911,1.0,0
975,0.26559053561884954,1.0,1
976,0.278718852905631,1.0,0
976,0.2659443269394835,1.0,1
977,0.27916699966694547,1.0,0
977,0.26629694187165315,1.0,1
978,0.27961457297052117,1.0,0
978,0.26664838396520923,1.0,1
979,0.2800615827417852,1.0,0
979,0.2669986567753524,1.0,1
980,0.2805080388518354,1.0,0
980,0.26734776386343684,1.0,1
981,0.2809539511158702,1.0,0
981,0.26769570879781335,1.0,1
982,0.28139932929162476,1.0,0
982,0.2680424951547066,1.0,1
983,0.281844183077808,1.0,0
983,0.268388126519128,1.0,1
984,0.28228852211254335,1.0,0
984,0.2687326064858221,1.0,1
985,0.2827323559718115,1.0,0
985,0.26907593866024504,1.0,1
986,0.28317569416789523,1.0,0
986,0.26941812665957743,1.0,1
987,0.28361854614782883,1.0,0
987,0.26975917411376354,1.0,1
988,0.2840609212918467,1.0,0
988,0.27009908466658505,1.0,1
989,0.2845028289118373,1.0,0
989,0.2704378619767601,1.0,1
990,0.28494427824979823,1.0,0
990,0.2707755097190708,1.0,1
991,0.28538527847629264,1.0,0
991,0.27111203158551755,1.0,1
992,0.28582583868891037,1.0,0
992,0.27144743128649884,1.0,1
993,0.2862659679107289,1.0,0
993,0.2717817125520151,1.0,1
994,0.2867056750887789,1.0,0
994,0.2721148791328945,1.0,1
995,0.2871449690925109,1.0,0
995,0.27244693480204396,1.0,1
996,0.2875838587122647,1.0,0
996,0.2727778833557179,1.0,1
997,0.28802235265774245,1.0,0
997,0.2731077286148082,1.0,1
998,0.2884604595564823,1.0,0
998,0.27343647442615404,1.0,1
999,0.288898187952337,1.0,0
999,0.2737641246638675,1.0,1
0,0.0009670825119948236,2.0,0
0,0.0004325119976236405,2.0,1
1,0.0009770450120492797,2.0,0
1,0.0004369519863186678,2.0,1
2,0.0009871099511262746,2.0,0
2,0.00044143750641863753,2.0,1
3,0.000997278374496207,2.0,0
3,0.0004459690223626613,2.0,1
4,0.001007551337877716,2.0,0
4,0.00045054700325847935,2.0,1
5,0.0010179299075369747,2.0,0
5,0.0004551719229277628,2.0,1
6,0.0010284151603878152,2.0,0
6,0.00045984425995182043,2.0,1
7,0.0010390081840926828,2.0,0
7,0.0004645644977177107,2.0,1
8,0.001049710077164432,2.0,0
8,0.000469333124464764,2.0,1
9,0.001060521949068958,2.0,0
9,0.000474150633331517,2.0,1
10,0.0010714449203286741,2.0,0
10,0.00047901752240305873,2.0,1
11,0.0010824801226268425,2.0,0
11,0.0004839342947587999,2.0,1
12,0.0010936286989127533,2.0,0
12,0.0004889014585206573,2.0,1
13,0.0011048918035077627,2.0,0
13,0.0004939195269016637,2.0,1
14,0.0011162706022121917,2.0,0
14,0.0004989890182550042,2.0,1
15,0.0011277662724130926,2.0,0
15,0.0005041104561234809,2.0,1
16,0.0011393800031928797,2.0,0
16,0.000509284369289408,2.0,1
17,0.0011511129954388372,2.0,0
17,0.0005145112918249437,2.0,1
18,0.0011629664619534996,2.0,0
18,0.0005197917631428573,2.0,1
19,0.0011749416275659166,2.0,0
19,0.0005251263280477376,2.0,1
20,0.0011870397292437984,2.0,0
20,0.0005305155367876429,2.0,1
21,0.0011992620162065463,2.0,0
21,0.0005359599451061983,2.0,1
22,0.0012116097500391811,2.0,0
22,0.000541460114295139,2.0,1
23,0.001224084204807158,2.0,0
23,0.0005470166112473084,2.0,1
24,0.0012366866671720822,2.0,0
24,0.0005526300085101055,2.0,1
25,0.0012494184365083255,2.0,0
25,0.0005583008843393926,2.0,1
26,0.0012622808250205438,2.0,0
26,0.0005640298227538606,2.0,1
27,0.001275275157862104,2.0,0
27,0.0005698174135898573,2.0,1
28,0.001288402773254419,2.0,0
28,0.0005756642525566806,2.0,1
29,0.0013016650226071926,2.0,0
29,0.0005815709412923373,2.0,1
30,0.0013150632706395867,2.0,0
30,0.0005875380874197754,2.0,1
31,0.0013285988955022978,2.0,0
31,0.0005935663046035872,2.0,1
32,0.001342273288900556,2.0,0
32,0.0005996562126071881,2.0,1
33,0.0013560878562180537,2.0,0
33,0.0006058084373504735,2.0,1
34,0.0013700440166417866,2.0,0
34,0.00061202361096796,2.0,1
35,0.0013841432032878317,2.0,0
35,0.0006183023718674031,2.0,1
36,0.0013983868633280503,2.0,0
36,0.0006246453647889083,2.0,1
37,0.001412776458117726,2.0,0
37,0.000631053240864527,2.0,1
38,0.0014273134633241253,2.0,0
38,0.0006375266576783437,2.0,1
39,0.0014419993690560067,2.0,0
39,0.0006440662793270592,2.0,1
40,0.0014568356799940548,2.0,0
40,0.0006506727764810671,2.0,1
41,0.0014718239155222593,2.0,0
41,0.0006573468264460328,2.0,1
42,0.0014869656098602253,2.0,0
42,0.0006640891132249693,2.0,1
43,0.001502262312196429,2.0,0
43,0.0006709003275808209,2.0,1
44,0.0015177155868224149,2.0,0
44,0.0006777811670995512,2.0,1
45,0.0015333270132679292,2.0,0
45,0.0006847323362537391,2.0,1
46,0.0015490981864369998,2.0,0
46,0.0006917545464666868,2.0,1
47,0.0015650307167449568,2.0,0
47,0.0006988485161770408,2.0,1
48,0.0015811262302563968,2.0,0
48,0.0007060149709039284,2.0,1
49,0.0015973863688240892,2.0,0
49,0.0007132546433126101,2.0,1
50,0.0016138127902288308,2.0,0
50,0.0007205682732806573,2.0,1
51,0.00163040716832023,2.0,0
51,0.0007279566079646457,2.0,1
52,0.0016471711931584502,2.0,0
52,0.0007354204018673772,2.0,1
53,0.0016641065711568831,2.0,0
53,0.0007429604169056289,2.0,1
54,0.0016812150252257655,2.0,0
54,0.0007505774224784254,2.0,1
55,0.0016984982949167387,2.0,0
55,0.0007582721955358486,2.0,1
56,0.0017159581365683435,2.0,0
56,0.000766045520648377,2.0,1
57,0.0017335963234524532,2.0,0
57,0.0007738981900767571,2.0,1
58,0.001751414645921642,2.0,0
58,0.0007818310038424167,2.0,1
59,0.001769414911557486,2.0,0
59,0.0007898447697984108,2.0,1
60,0.0017875989453197982,2.0,0
60,0.0007979403037009136,2.0,1
61,0.0018059685896967914,2.0,0
61,0.0008061184292812468,2.0,1
62,0.001824525704856161,2.0,0
62,0.0008143799783184556,2.0,1
63,0.0018432721687971045,2.0,0
63,0.0008227257907124289,2.0,1
64,0.0018622098775032466,2.0,0
64,0.0008311567145575639,2.0,1
65,0.001881340745096491,2.0,0
65,0.0008396736062169846,2.0,1
66,0.0019006667039917864,2.0,0
66,0.0008482773303973043,2.0,1
67,0.0019201897050527897,2.0,0
67,0.0008569687602239439,2.0,1
68,0.0019399117177484482,2.0,0
68,0.0008657487773170003,2.0,1
69,0.0019598347303104746,2.0,0
69,0.0008746182718676699,2.0,1
70,0.0019799607498917184,2.0,0
70,0.0008835781427152285,2.0,1
71,0.0020002918027254304,2.0,0
71,0.0008926292974245646,2.0,1
72,0.002020829934285406,2.0,0
72,0.000901772652364273,2.0,1
73,0.0020415772094470198,2.0,0
73,0.0009110091327853065,2.0,1
74,0.0020625357126491228,2.0,0
74,0.0009203396729001857,2.0,1
75,0.0020837075480568024,2.0,0
75,0.0009297652159627709,2.0,1
76,0.002105094839725021,2.0,0
76,0.0009392867143485938,2.0,1
77,0.002126699731763088,2.0,0
77,0.0009489051296357524,2.0,1
78,0.0021485243884999906,2.0,0
78,0.0009586214326863672,2.0,1
79,0.002170570994650551,2.0,0
79,0.000968436603728601,2.0,1
80,0.002192841755482425,2.0,0
80,0.000978351632439242,2.0,1
81,0.0022153388969839145,2.0,0
81,0.0009883675180268536,2.0,1
82,0.0022380646660325877,2.0,0
82,0.0009984852693154813,2.0,1
83,0.002261021330564714,2.0,0
83,0.001008705904828933,2.0,1
84,0.0022842111797454824,2.0,0
84,0.0010190304528756163,2.0,1
85,0.0023076365241400053,2.0,0
85,0.0010294599516339445,2.0,1
86,0.002331299695885091,2.0,0
86,0.0010399954492383064,2.0,1
87,0.0023552030488617885,2.0,0
87,0.0010506380038655975,2.0,1
88,0.0023793489588686675,2.0,0
88,0.001061388683822319,2.0,1
89,0.0024037398237958434,2.0,0
89,0.001072248567632238,2.0,1
90,0.0024283780637997295,2.0,0
90,0.00108321874412461,2.0,1
91,0.0024532661214784982,2.0,0
91,0.0010943003125229642,2.0,1
92,0.002478406462048243,2.0,0
92,0.0011054943825344525,2.0,1
93,0.0025038015735198214,2.0,0
93,0.001116802074439754,2.0,1
94,0.002529453966876384,2.0,0
94,0.0011282245191835444,2.0,1
95,0.0025553661762515367,2.0,0
95,0.00113976285846552,2.0,1
96,0.0025815407591081646,2.0,0
96,0.0011514182448319806,2.0,1
97,0.002607980296417875,2.0,0
97,0.0011631918417679698,2.0,1
98,0.002634687392841038,2.0,0
98,0.0011750848237899619,2.0,1
99,0.0026616646769074405,2.0,0
99,0.0011870983765391128,2.0,1
100,0.0026889148011975013,2.0,0
100,0.0011992336968750538,2.0,1
101,0.0027164404425240357,2.0,0
101,0.0012114919929702341,2.0,1
102,0.002744244302114584,2.0,0
102,0.0012238744844048149,2.0,1
103,0.0027723291057942345,2.0,0
103,0.0012363824022621022,2.0,1
104,0.002800697604168952,2.0,0
104,0.0012490169892245277,2.0,1
105,0.002829352572809392,2.0,0
105,0.0012617794996701646,2.0,1
106,0.002858296812435175,2.0,0
106,0.0012746711997697795,2.0,1
107,0.0028875331490995763,2.0,0
107,0.0012876933675844248,2.0,1
108,0.0029170644343746582,2.0,0
108,0.001300847293163554,2.0,1
109,0.0029468935455367745,2.0,0
109,0.00131413427864367,2.0,1
110,0.0029770233857524513,2.0,0
110,0.001327555638347496,2.0,1
111,0.0030074568842646055,2.0,0
111,0.0013411126988836684,2.0,1
112,0.0030381969965790918,2.0,0
112,0.0013548067992469415,2.0,1
113,0.0030692467046515293,2.0,0
113,0.0013686392909189175,2.0,1
114,0.0031006090170744133,2.0,0
114,0.0013826115379692696,2.0,1
115,0.0031322869692644406,2.0,0
115,0.0013967249171574837,2.0,1
116,0.0031642836236500803,2.0,0
116,0.0014109808180350913,2.0,1
117,0.0031966020698592982,2.0,0
117,0.0014253806430484044,2.0,1
118,0.003229245424907456,2.0,0
118,0.0014399258076417392,2.0,1
119,0.0032622168333853274,2.0,0
119,0.001454617740361121,2.0,1
120,0.0032955194676472055,2.0,0
120,0.0014694578829584778,2.0,1
121,0.003329156527999077,2.0,0
121,0.001484447690496302,2.0,1
122,0.0033631312428868275,2.0,0
122,0.0014995886314527862,2.0,1
123,0.003397446869084443,2.0,0
123,0.0015148821878274204,2.0,1
124,0.0034321066918821664,2.0,0
124,0.0015303298552470455,2.0,1
125,0.003467114025274597,2.0,0
125,0.0015459331430723586,2.0,1
126,0.0035024722121486714,2.0,0
126,0.0015616935745048663,2.0,1
127,0.0035381846244715025,2.0,0
127,0.001577612686694269,2.0,1
128,0.0035742546634780397,2.0,0
128,0.0015936920308462805,2.0,1
129,0.0036106857598585105,2.0,0
129,0.0016099331723308677,2.0,1
130,0.003647481373945601,2.0,0
130,0.001626337690790913,2.0,1
131,0.003684644995901335,2.0,0
131,0.0016429071802512721,2.0,1
132,0.00372218014590362,2.0,0
132,0.0016596432492282465,2.0,1
133,0.003760090374332406,2.0,0
133,0.0016765475208394343,2.0,1
134,0.003798379261955426,2.0,0
134,0.0016936216329139732,2.0,1
135,0.0038370504201134643,2.0,0
135,0.001710867238103155,2.0,1
136,0.0038761074909051023,2.0,0
136,0.001728286003991402,2.0,1
137,0.003915554147370933,2.0,0
137,0.0017458796132076059,2.0,1
138,0.003955394093677137,2.0,0
138,0.0017636497635368086,2.0,1
139,0.00399563106529843,2.0,0
139,0.0017815981680322163,2.0,1
140,0.004036268829200298,2.0,0
140,0.0017997265551275487,2.0,1
141,0.0040773111840204735,2.0,0
141,0.0018180366687496974,2.0,1
142,0.004118761960249627,2.0,0
142,0.0018365302684316882,2.0,1
143,0.004160625020411193,2.0,0
143,0.0018552091294259435,2.0,1
144,0.004202904259240287,2.0,0
144,0.0018740750428178203,2.0,1
145,0.00424560360386167,2.0,0
145,0.0018931298156394263,2.0,1
146,0.004288727013966676,2.0,0
146,0.0019123752709836895,2.0,1
147,0.004332278481989099,2.0,0
147,0.0019318132481186711,2.0,1
148,0.004376262033279921,2.0,0
148,0.001951445602602131,2.0,1
149,0.00442068172628087,2.0,0
149,0.0019712742063962853,2.0,1
150,0.00446554165269671,2.0,0
150,0.0019913009479827983,2.0,1
151,0.004510845937666247,2.0,0
151,0.0020115277324779567,2.0,1
152,0.004556598739931946,2.0,0
152,0.0020319564817480235,2.0,1
153,0.004602804252008121,2.0,0
153,0.0020525891345247647,2.0,1
154,0.004649466700347617,2.0,0
154,0.0020734276465211223,2.0,1
155,0.004696590345506963,2.0,0
155,0.0020944739905470263,2.0,1
156,0.004744179482309836,2.0,0
156,0.0021157301566253305,2.0,1
157,0.00479223844000888,2.0,0
157,0.0021371981521078522,2.0,1
158,0.004840771582445742,2.0,0
158,0.002158880001791501,2.0,1
159,0.004889783308209254,2.0,0
159,0.0021807777480344903,2.0,1
160,0.004939278050791733,2.0,0
160,0.0022028934508725884,2.0,1
161,0.004989260278743281,2.0,0
161,0.0022252291881354335,2.0,1
162,0.005039734495824038,2.0,0
162,0.002247787055562853,2.0,1
163,0.005090705241154302,2.0,0
163,0.0022705691669211974,2.0,1
164,0.005142177089362449,2.0,0
164,0.0022935776541196584,2.0,1
165,0.005194154650730558,2.0,0
165,0.0023168146673265603,2.0,1
166,0.0052466425713376804,2.0,0
166,0.0023402823750855953,2.0,1
167,0.005299645533200663,2.0,0
167,0.0023639829644319975,2.0,1
168,0.00535316825441245,2.0,0
168,0.002387918641008617,2.0,1
169,0.005407215489277765,2.0,0
169,0.002412091629181902,2.0,1
170,0.0054617920284461274,2.0,0
170,0.002436504172157734,2.0,1
171,0.005516902699042059,2.0,0
171,0.0024611585320971296,2.0,1
172,0.005572552364792443,2.0,0
172,0.002486056990231761,2.0,1
173,0.005628745926150949,2.0,0
173,0.002511201846979287,2.0,1
174,0.005685488320419361,2.0,0
174,0.0025365954220584763,2.0,1
175,0.005742784521865854,2.0,0
175,0.002562240054604083,2.0,1
176,0.005800639541839982,2.0,0
176,0.0025881381032814748,2.0,1
177,0.00585905842888436,2.0,0
177,0.0026142919464009744,2.0,1
178,0.005918046268842966,2.0,0
178,0.0026407039820318923,2.0,1
179,0.005977608184965912,2.0,0
179,0.0026673766281162348,2.0,1
180,0.006037749338010614,2.0,0
180,0.0026943123225820604,2.0,1
181,0.006098474926339235,2.0,0
181,0.0027215135234564523,2.0,1
182,0.006159790186012397,2.0,0
182,0.00274898270897809,2.0,1
183,0.006221700390878917,2.0,0
183,0.002776722377709403,2.0,1
184,0.006284210852661549,2.0,0
184,0.002804735048648243,2.0,1
185,0.0063473269210386676,2.0,0
185,0.0028330232613391097,2.0,1
186,0.006411053983721683,2.0,0
186,0.002861589575983847,2.0,1
187,0.006475397466528152,2.0,0
187,0.002890436573551804,2.0,1
188,0.006540362833450477,2.0,0
188,0.002919566855889451,2.0,1
189,0.006605955586720055,2.0,0
189,0.002948983045829396,2.0,1
190,0.006672181266866777,2.0,0
190,0.0029786877872987737,2.0,1
191,0.006739045452773789,2.0,0
191,0.0030086837454270103,2.0,1
192,0.0068065537617273695,2.0,0
192,0.0030389736066528945,2.0,1
193,0.006874711849461836,2.0,0
193,0.003069560078830951,2.0,1
194,0.006943525410199333,2.0,0
194,0.0031004458913370834,2.0,1
195,0.0070130001766844354,2.0,0
195,0.003131633795173442,2.0,1
196,0.0070831419202134135,2.0,0
196,0.0031631265630725075,2.0,1
197,0.007153956450658041,2.0,0
197,0.003194926989600348,2.0,1
198,0.007225449616483842,2.0,0
198,0.003227037891259005,2.0,1
199,0.007297627304762665,2.0,0
199,0.003259462106588005,2.0,1
200,0.007370495441179422,2.0,0
200,0.0032922024962649564,2.0,1
201,0.007444059990032936,2.0,0
201,0.0033252619432051654,2.0,1
202,0.007518326954230695,2.0,0
202,0.0033586433526602982,2.0,1
203,0.007593302375277443,2.0,0
203,0.003392349652315999,2.0,1
204,0.007668992333257505,2.0,0
204,0.003426383792388479,2.0,1
205,0.007745402946810604,2.0,0
205,0.0034607487457199867,2.0,1
206,0.007822540373101218,2.0,0
206,0.00349544750787321,2.0,1
207,0.007900410807781163,2.0,0
207,0.003530483097224458,2.0,1
208,0.007979020484945434,2.0,0
208,0.003565858555055715,2.0,1
209,0.008058375677081063,2.0,0
209,0.0036015769456454218,2.0,1
210,0.008138482695008931,2.0,0
210,0.0036376413563580434,2.0,1
211,0.008219347887818354,2.0,0
211,0.003674054897732299,2.0,1
212,0.008300977642794354,2.0,0
212,0.00371082070356809,2.0,1
213,0.008383378385337446,2.0,0
213,0.0037479419310120442,2.0,1
214,0.00846655657887585,2.0,0
214,0.0037854217606416783,2.0,1
215,0.008550518724769956,2.0,0
215,0.0038232633965480907,2.0,1
216,0.008635271362208903,2.0,0
216,0.0038614700664172073,2.0,1
217,0.008720821068099216,2.0,0
217,0.0039000450216094902,2.0,1
218,0.00880717445694523,2.0,0
218,0.0039389915372381205,2.0,1
219,0.008894338180721332,2.0,0
219,0.003978312912245558,2.0,1
220,0.008982318928735718,2.0,0
220,0.0040180124694785165,2.0,1
221,0.009071123427485657,2.0,0
221,0.0040580935557612404,2.0,1
222,0.009160758440504064,2.0,0
222,0.004098559541967101,2.0,1
223,0.009251230768197291,2.0,0
223,0.0041394138230884435,2.0,1
224,0.009342547247673914,2.0,0
224,0.004180659818304665,2.0,1
225,0.009434714752564504,2.0,0
225,0.004222300971048459,2.0,1
226,0.009527740192832129,2.0,0
226,0.004264340749070225,2.0,1
227,0.009621630514573544,2.0,0
227,0.004306782644500584,2.0,1
228,0.009716392699810861,2.0,0
228,0.004349630173910937,2.0,1
229,0.00981203376627364,2.0,0
229,0.004392886878372096,2.0,1
230,0.009908560767171178,2.0,0
230,0.0044365563235108565,2.0,1
231,0.010005980790954954,2.0,0
231,0.004480642099564578,2.0,1
232,0.010104300961071006,2.0,0
232,0.00452514782143363,2.0,1
233,0.01020352843570222,2.0,0
233,0.004570077128731747,2.0,1
234,0.010303670407500277,2.0,0
234,0.004615433685834202,2.0,1
235,0.010404734103307212,2.0,0
235,0.004661221181923791,2.0,1
236,0.01050672678386642,2.0,0
236,0.0047074433310345795,2.0,1
237,0.010609655743523027,2.0,0
237,0.004754103872093356,2.0,1
238,0.010713528309913385,2.0,0
238,0.0048012065689587964,2.0,1
239,0.010818351843643737,2.0,0
239,0.004848755210458255,2.0,1
240,0.010924133737957762,2.0,0
240,0.004896753610422178,2.0,1
241,0.011030881418392962,2.0,0
241,0.0049452056077160895,2.0,1
242,0.011138602342425809,2.0,0
242,0.004994115066270106,2.0,1
243,0.011247303999105417,2.0,0
243,0.005043485875105962,2.0,1
244,0.011356993908675663,2.0,0
244,0.005093321948361488,2.0,1
245,0.01146767962218579,2.0,0
245,0.005143627225312534,2.0,1
246,0.011579368721089098,2.0,0
246,0.005194405670392266,2.0,1
247,0.011692068816829859,2.0,0
247,0.005245661273207835,2.0,1
248,0.011805787550418207,2.0,0
248,0.005297398048554357,2.0,1
249,0.011920532591993,2.0,0
249,0.005349620036426192,2.0,1
250,0.012036311640372393,2.0,0
250,0.005402331302025477,2.0,1
251,0.01215313242259219,2.0,0
251,0.005455535935767878,2.0,1
252,0.012271002693431825,2.0,0
252,0.005509238053285531,2.0,1
253,0.012389930234927791,2.0,0
253,0.005563441795427154,2.0,1
254,0.012509922855874522,2.0,0
254,0.005618151328255256,2.0,1
255,0.012630988391312598,2.0,0
255,0.005673370843040495,2.0,1
256,0.012753134702004221,2.0,0
256,0.005729104556253054,2.0,1
257,0.012876369673895813,2.0,0
257,0.005785356709551061,2.0,1
258,0.01300070121756775,2.0,0
258,0.005842131569766073,2.0,1
259,0.013126137267671036,2.0,0
259,0.005899433428885465,2.0,1
260,0.013252685782351009,2.0,0
260,0.005957266604031834,2.0,1
261,0.013380354742657814,2.0,0
261,0.006015635437439318,2.0,1
262,0.013509152151943777,2.0,0
262,0.006074544296426807,2.0,1
263,0.013639086035247485,2.0,0
263,0.006133997573368074,2.0,1
264,0.013770164438664568,2.0,0
264,0.006193999685658722,2.0,1
265,0.013902395428705153,2.0,0
265,0.006254555075680023,2.0,1
266,0.014035787091637912,2.0,0
266,0.006315668210759525,2.0,1
267,0.014170347532820654,2.0,0
267,0.00637734358312851,2.0,1
268,0.014306084876017488,2.0,0
268,0.0064395857098762,2.0,1
269,0.014443007262702518,2.0,0
269,0.0065023991329007606,2.0,1
270,0.014581122851349932,2.0,0
270,0.006565788418857028,2.0,1
271,0.014720439816710658,2.0,0
271,0.006629758159101006,2.0,1
272,0.01486096634907542,2.0,0
272,0.006694312969631065,2.0,1
273,0.015002710653524265,2.0,0
273,0.0067594574910258744,2.0,1
274,0.01514568094916257,2.0,0
274,0.006825196388379034,2.0,1
275,0.015289885468343438,2.0,0
275,0.006891534351230424,2.0,1
276,0.015435332455876704,2.0,0
276,0.006958476093494212,2.0,1
277,0.015582030168224287,2.0,0
277,0.0070260263533835875,2.0,1
278,0.01572998687268218,2.0,0
278,0.0070941898933321625,2.0,1
279,0.015879210846548985,2.0,0
279,0.007162971499912062,2.0,1
280,0.016029710376281,2.0,0
280,0.007232375983748709,2.0,1
281,0.016181493756634045,2.0,0
281,0.007302408179432276,2.0,1
282,0.016334569289791916,2.0,0
282,0.007373072945425864,2.0,1
283,0.016488945284481714,2.0,0
283,0.007444375163970357,2.0,1
284,0.01664463005507592,2.0,0
284,0.00751631974098598,2.0,1
285,0.016801631920681494,2.0,0
285,0.0075889116059706,2.0,1
286,0.016959959204215936,2.0,0
286,0.007662155711894749,2.0,1
287,0.017119620231470522,2.0,0
287,0.00773605703509336,2.0,1
288,0.0172806233301607,2.0,0
288,0.007810620575154326,2.0,1
289,0.01744297682896385,2.0,0
289,0.00788585135480378,2.0,1
290,0.01760668905654456,2.0,0
290,0.00796175441978821,2.0,1
291,0.017771768340567432,2.0,0
291,0.008038334838753406,2.0,1
292,0.017938223006697604,2.0,0
292,0.008115597703120214,2.0,1
293,0.018106061377589248,2.0,0
293,0.00819354812695722,2.0,1
294,0.018275291771862056,2.0,0
294,0.008272191246850288,2.0,1
295,0.018445922503065895,2.0,0
295,0.008351532221769108,2.0,1
296,0.01861796187863394,2.0,0
296,0.008431576232930641,2.0,1
297,0.018791418198824305,2.0,0
297,0.008512328483659628,2.0,1
298,0.018966299755650548,2.0,0
298,0.008593794199246144,2.0,1
299,0.019142614831801012,2.0,0
299,0.008675978626800238,2.0,1
300,0.019320371699547485,2.0,0
300,0.008758887035103712,2.0,1
301,0.019499578619643233,2.0,0
301,0.008842524714459088,2.0,1
302,0.019680243840210675,2.0,0
302,0.00892689697653583,2.0,1
303,0.019862375595618997,2.0,0
303,0.009012009154213834,2.0,1
304,0.020045982105351898,2.0,0
304,0.009097866601424264,2.0,1
305,0.020231071572865755,2.0,0
305,0.009184474692987825,2.0,1
306,0.020417652184438504,2.0,0
306,0.009271838824450455,2.0,1
307,0.020605732108009533,2.0,0
307,0.009359964411916565,2.0,1
308,0.020795319492010772,2.0,0
308,0.009448856891879904,2.0,1
309,0.020986422464189386,2.0,0
309,0.009538521721052032,2.0,1
310,0.021179049130422505,2.0,0
310,0.00962896437618856,2.0,1
311,0.021373207573523983,2.0,0
311,0.0097201903539132,2.0,1
312,0.02156890585204382,2.0,0
312,0.009812205170539705,2.0,1
313,0.0217661519990605,2.0,0
313,0.009905014361891744,2.0,1
314,0.021964954020966525,2.0,0
314,0.009998623483120871,2.0,1
315,0.022165319896247673,2.0,0
315,0.010093038108522594,2.0,1
316,0.022367257574256137,2.0,0
316,0.010188263831350684,2.0,1
317,0.022570774973978133,2.0,0
317,0.01028430626362979,2.0,1
318,0.022775879982796246,2.0,0
318,0.010381171035966459,2.0,1
319,0.02298258045524697,2.0,0
319,0.01047886379735867,2.0,1
320,0.023190884211773833,2.0,0
320,0.01057739021500393,2.0,1
321,0.023400799037476525,2.0,0
321,0.010676755974106162,2.0,1
322,0.023612332680856444,2.0,0
322,0.010776966777681278,2.0,1
323,0.02382549285255916,2.0,0
323,0.01087802834636174,2.0,1
324,0.024040287224114217,2.0,0
324,0.01097994641820015,2.0,1
325,0.024256723426672608,2.0,0
325,0.011082726748471924,2.0,1
326,0.024474809049742564,2.0,0
326,0.011186375109477252,2.0,1
327,0.024694551639924102,2.0,0
327,0.011290897290342388,2.0,1
328,0.02491595869964261,2.0,0
328,0.01139629909682043,2.0,1
329,0.025139037685882205,2.0,0
329,0.011502586351091738,2.0,1
330,0.025363796008919234,2.0,0
330,0.011609764891563996,2.0,1
331,0.025590241031056383,2.0,0
331,0.011717840572672191,2.0,1
332,0.02581838006535806,2.0,0
332,0.011826819264678531,2.0,1
333,0.026048220374387206,2.0,0
333,0.011936706853472479,2.0,1
334,0.02627976916894454,2.0,0
334,0.012047509240370995,2.0,1
335,0.02651303360681036,2.0,0
335,0.012159232341919174,2.0,1
336,0.026748020791489555,2.0,0
336,0.01227188208969136,2.0,1
337,0.026984737770960474,2.0,0
337,0.012385464430092884,2.0,1
338,0.027223191536427917,2.0,0
338,0.012499985324162606,2.0,1
339,0.02746338902108105,2.0,0
339,0.012615450747376314,2.0,1
340,0.02770533709885663,2.0,0
340,0.012731866689451197,2.0,1
341,0.02794904258320805,2.0,0
341,0.012849239154151499,2.0,1
342,0.02819451222588095,2.0,0
342,0.012967574159095512,2.0,1
343,0.02844175271569566,2.0,0
343,0.013086877735563971,2.0,1
344,0.028690770677337166,2.0,0
344,0.013207155928310147,2.0,1
345,0.02894157267015326,2.0,0
345,0.013328414795371626,2.0,1
346,0.029194165186961024,2.0,0
346,0.013450660407883985,2.0,1
347,0.02944855465286269,2.0,0
347,0.013573898849896548,2.0,1
348,0.029704747424071073,2.0,0
348,0.013698136218190264,2.0,1
349,0.029962749786745103,2.0,0
349,0.01382337862209792,2.0,1
350,0.0302225679558363,2.0,0
350,0.013949632183326894,2.0,1
351,0.03048420807394632,2.0,0
351,0.014076903035784332,2.0,1
352,0.030747676210196404,2.0,0
352,0.014205197325405278,2.0,1
353,0.031012978359109072,2.0,0
353,0.014334521209983546,2.0,1
354,0.031280120439502734,2.0,0
354,0.014464880859005666,2.0,1
355,0.03154910829339949,2.0,0
355,0.01459628245348798,2.0,1
356,0.03181994768494691,2.0,0
356,0.014728732185817044,2.0,1
357,0.03209264429935397,2.0,0
357,0.014862236259593455,2.0,1
358,0.03236720374184209,2.0,0
358,0.01499680088947923,2.0,1
359,0.03264363153661105,2.0,0
359,0.015132432301048866,2.0,1
360,0.032921933125821076,2.0,0
360,0.01526913673064426,2.0,1
361,0.033202113868590864,2.0,0
361,0.015406920425233521,2.0,1
362,0.03348417904001232,2.0,0
362,0.015545789642273884,2.0,1
363,0.033768133830182526,2.0,0
363,0.01568575064957879,2.0,1
364,0.03405398334325301,2.0,0
364,0.01582680972518922,2.0,1
365,0.03434173259649718,2.0,0
365,0.015968973157249555,2.0,1
366,0.03463138651939578,2.0,0
366,0.016112247243887774,2.0,1
367,0.034922949952741346,2.0,0
367,0.016256638293100478,2.0,1
368,0.03521642764776154,2.0,0
368,0.01640215262264243,2.0,1
369,0.03551182426526192,2.0,0
369,0.016548796559921027,2.0,1
370,0.035809144374788604,2.0,0
370,0.016696576441895643,2.0,1
371,0.03610839245381068,2.0,0
371,0.016845498614981934,2.0,1
372,0.0364095728869234,2.0,0
372,0.016995569434961236,2.0,1
373,0.03671268996507159,2.0,0
373,0.017146795266895068,2.0,1
374,0.037017747884794394,2.0,0
374,0.01729918248504482,2.0,1
375,0.03732475074749066,2.0,0
375,0.017452737472796746,2.0,1
376,0.03763370255870627,2.0,0
376,0.017607466622592223,2.0,1
377,0.03794460722744247,2.0,0
377,0.017763376335863414,2.0,1
378,0.03825746856548646,2.0,0
378,0.017920473022974268,2.0,1
379,0.03857229028676346,2.0,0
379,0.018078763103167,2.0,1
380,0.038889076006711126,2.0,0
380,0.01823825300451399,2.0,1
381,0.039207829241676075,2.0,0
381,0.018398949163875182,2.0,1
382,0.03952855340833236,2.0,0
382,0.01856085802686094,2.0,1
383,0.03985125182312284,2.0,0
383,0.018723986047800324,2.0,1
384,0.04017592770172235,2.0,0
384,0.018888339689714997,2.0,1
385,0.04050258415852359,2.0,0
385,0.019053925424298405,2.0,1
386,0.0408312242061453,2.0,0
386,0.01922074973190044,2.0,1
387,0.041161850754962793,2.0,0
387,0.01938881910151751,2.0,1
388,0.04149446661266081,2.0,0
388,0.01955814003078797,2.0,1
389,0.04182907448380856,2.0,0
389,0.019728719025992693,2.0,1
390,0.042165676969456965,2.0,0
390,0.019900562602061057,2.0,1
391,0.04250427656675778,2.0,0
391,0.020073677282581925,2.0,1
392,0.04284487566860475,2.0,0
392,0.02024806959981965,2.0,1
393,0.043187476563296245,2.0,0
393,0.020423746094735195,2.0,1
394,0.04353208143421945,2.0,0
394,0.020600713317011906,2.0,1
395,0.043878692359555806,2.0,0
395,0.020778977825086135,2.0,1
396,0.044227311312007384,2.0,0
396,0.020958546186182345,2.0,1
397,0.044577940158544126,2.0,0
397,0.0211394249763527,2.0,1
398,0.044930580660171186,2.0,0
398,0.021321620780521022,2.0,1
399,0.04528523447171661,2.0,0
399,0.021505140192530678,2.0,1
400,0.04564190314163883,2.0,0
400,0.021689989815196584,2.0,1
401,0.046000588111853126,2.0,0
401,0.021876176260360786,2.0,1
402,0.04636129071757741,2.0,0
402,0.022063706148951763,2.0,1
403,0.046724012187196386,2.0,0
403,0.022252586111046902,2.0,1
404,0.0470887536421438,2.0,0
404,0.022442822785938094,2.0,1
405,0.04745551609680252,2.0,0
405,0.022634422822200198,2.0,1
406,0.047824300458421246,2.0,0
406,0.022827392877762188,2.0,1
407,0.04819510752704856,2.0,0
407,0.023021739619980382,2.0,1
408,0.04856793799548243,2.0,0
408,0.02321746972571394,2.0,1
409,0.048942792449235745,2.0,0
409,0.023414589881402072,2.0,1
410,0.04931967136651649,2.0,0
410,0.02361310678314258,2.0,1
411,0.04969857511822248,2.0,0
411,0.023813027136771615,2.0,1
412,0.050079503967949954,2.0,0
412,0.024014357657944237,2.0,1
413,0.05046245807201513,2.0,0
413,0.024217105072215354,2.0,1
414,0.05084743747948852,2.0,0
414,0.024421276115120814,2.0,1
415,0.051234442132241105,2.0,0
415,0.02462687753225821,2.0,1
416,0.05162347186500139,2.0,0
416,0.02483391607936694,2.0,1
417,0.0520145264054235,2.0,0
417,0.025042398522407385,2.0,1
418,0.05240760537416491,2.0,0
418,0.025252331637638424,2.0,1
419,0.05280270828497314,2.0,0
419,0.025463722211693213,2.0,1
420,0.053199834544781235,2.0,0
420,0.025676577041652614,2.0,1
421,0.05359898345381062,2.0,0
421,0.025890902935115822,2.0,1
422,0.05400015420568128,2.0,0
422,0.02610670671026786,2.0,1
423,0.05440334588752799,2.0,0
423,0.026323995195943365,2.0,1
424,0.05480855748012187,2.0,0
424,0.026542775231686255,2.0,1
425,0.05521578785799734,2.0,0
425,0.026763053667804695,2.0,1
426,0.055625035789582354,2.0,0
426,0.026984837365421052,2.0,1
427,0.056036299937332466,2.0,0
427,0.02720813319651613,2.0,1
428,0.05644957885786701,2.0,0
428,0.027432948043967273,2.0,1
429,0.05686487100210739,2.0,0
429,0.02765928880157988,2.0,1
430,0.05728217471541621,2.0,0
430,0.027887162374111544,2.0,1
431,0.05770148823773669,2.0,0
431,0.028116575677288674,2.0,1
432,0.058122809703731716,2.0,0
432,0.028347535637814673,2.0,1
433,0.05854613714292152,2.0,0
433,0.02858004919336924,2.0,1
434,0.05897146847981975,2.0,0
434,0.028814123292598467,2.0,1
435,0.05939880153406639,2.0,0
435,0.02904976489509471,2.0,1
436,0.05982813402055791,2.0,0
436,0.02928698097136611,2.0,1
437,0.06025946354957295,2.0,0
437,0.029525778502794822,2.0,1
438,0.06069278762689332,2.0,0
438,0.02976616448158373,2.0,1
439,0.06112810365391984,2.0,0
439,0.030008145910690644,2.0,1
440,0.0615654089277816,2.0,0
440,0.030251729803749752,2.0,1
441,0.06200470064143916,2.0,0
441,0.030496923184979555,2.0,1
442,0.06244597588377965,2.0,0
442,0.030743733089076693,2.0,1
443,0.06288923163970442,2.0,0
443,0.03099216656109518,2.0,1
444,0.06333446479020809,2.0,0
444,0.031242230656310255,2.0,1
445,0.06378167211244802,2.0,0
445,0.03149393244006643,2.0,1
446,0.06423085027980475,2.0,0
446,0.03174727898760909,2.0,1
447,0.06468199586193153,2.0,0
447,0.03200227738389907,2.0,1
448,0.06513510532479368,2.0,0
448,0.032258934723409474,2.0,1
449,0.06559017503069628,2.0,0
449,0.03251725810990435,2.0,1
450,0.06604720123830055,2.0,0
450,0.03277725465619854,2.0,1
451,0.0665061801026278,2.0,0
451,0.0330389314838982,2.0,1
452,0.06696710767505114,2.0,0
452,0.03330229572312114,2.0,1
453,0.067429979903274,2.0,0
453,0.033567354512197015,2.0,1
454,0.06789479263129555,2.0,0
454,0.03383411499734596,2.0,1
455,0.0683615415993626,2.0,0
455,0.03410258433233611,2.0,1
456,0.06883022244390741,2.0,0
456,0.034372769678118455,2.0,1
457,0.0693008306974715,2.0,0
457,0.034644678202439404,2.0,1
458,0.06977336178861501,2.0,0
458,0.034918317079429856,2.0,1
459,0.07024781104181164,2.0,0
459,0.03519369348917072,2.0,1
460,0.07072417367732851,2.0,0
460,0.035470814617234114,2.0,1
461,0.07120244481109143,2.0,0
461,0.03574968765420004,2.0,1
462,0.07168261945453507,2.0,0
462,0.03603031979514761,2.0,1
463,0.07216469251443787,2.0,0
463,0.036312718239121064,2.0,1
464,0.07264865879274222,2.0,0
464,0.036596890188569375,2.0,1
465,0.07313451298635902,2.0,0
465,0.036882842848759784,2.0,1
466,0.07362224968695763,2.0,0
466,0.03717058342716419,2.0,1
467,0.07411186338074033,2.0,0
467,0.037460119132818444,2.0,1
468,0.07460334844820225,2.0,0
468,0.037751457175654285,2.0,1
469,0.07509669916387603,2.0,0
469,0.03804460476580298,2.0,1
470,0.07559190969606228,2.0,0
470,0.03833956911287109,2.0,1
471,0.07608897410654518,2.0,0
471,0.038636357425187666,2.0,1
472,0.0765878863502941,2.0,0
472,0.03893497690902261,2.0,1
473,0.077088640275151,2.0,0
473,0.03923543476777608,2.0,1
474,0.0775912296215045,2.0,0
474,0.03953773820113873,2.0,1
475,0.07809564802195026,2.0,0
475,0.039841894404222485,2.0,1
476,0.07860188900093844,2.0,0
476,0.040147910566661844,2.0,1
477,0.07910994597440879,2.0,0
477,0.04045579387168541,2.0,1
478,0.07961981224941314,2.0,0
478,0.040765551495157565,2.0,1
479,0.08013148102372666,2.0,0
479,0.04107719060459047,2.0,1
480,0.08064494538544752,2.0,0
480,0.04139071835812592,2.0,1
481,0.08116019831258599,2.0,0
481,0.04170614190348739,2.0,1
482,0.08167723267264332,2.0,0
482,0.0420234683769021,2.0,1
483,0.08219604122218126,2.0,0
483,0.0423427049019931,2.0,1
484,0.08271661660638222,2.0,0
484,0.04266385858864173,2.0,1
485,0.08323895135860143,2.0,0
485,0.04298693653182023,2.0,1
486,0.08376303789991135,2.0,0
486,0.043311945810394804,2.0,1
487,0.08428886853863875,2.0,0
487,0.043638893485899104,2.0,1
488,0.08481643546989628,2.0,0
488,0.04396778660127891,2.0,1
489,0.0853457307751078,2.0,0
489,0.04429863217960758,2.0,1
490,0.0858767464215293,2.0,0
490,0.04463143722277255,2.0,1
491,0.08640947426176565,2.0,0
491,0.044966208710133966,2.0,1
492,0.08694390603328463,2.0,0
492,0.045302953597154874,2.0,1
493,0.08748003335792803,2.0,0
493,0.04564167881400375,2.0,1
494,0.08801784774142186,2.0,0
494,0.045982391264129834,2.0,1
495,0.0885573405728856,2.0,0
495,0.046325097822811495,2.0,1
496,0.0890985031243419,2.0,0
496,0.046669805335678216,2.0,1
497,0.08964132655022754,2.0,0
497,0.04701652061720666,2.0,1
498,0.09018580188690638,2.0,0
498,0.04736525044919136,2.0,1
499,0.09073192005218583,2.0,0
499,0.04771600157919069,2.0,1
500,0.09127967184483672,2.0,0
500,0.04806878071894825,2.0,1
501,0.09182904794411886,2.0,0
501,0.04842359454279117,2.0,1
502,0.09238003890931208,2.0,0
502,0.04878044968600509,2.0,1
503,0.09293263517925487,2.0,0
503,0.049139352743186905,2.0,1
504,0.09348682707189032,2.0,0
504,0.049500310266576246,2.0,1
505,0.09404260478382197,2.0,0
505,0.04986332876436578,2.0,1
506,0.09459995838987888,2.0,0
506,0.05022841469899172,2.0,1
507,0.09515887784269239,2.0,0
507,0.05059557448540509,2.0,1
508,0.09571935297228494,2.0,0
508,0.05096481448932452,2.0,1
509,0.09628137348567173,2.0,0
509,0.05133614102547155,2.0,1
510,0.09684492896647724,2.0,0
510,0.051709560355789295,2.0,1
511,0.09741000887456623,2.0,0
511,0.0520850786876451,2.0,1
512,0.09797660254569203,2.0,0
512,0.05246270217201889,2.0,1
513,0.0985446991911613,2.0,0
513,0.052842436901677184,2.0,1
514,0.09911428789751764,2.0,0
514,0.05322428890933435,2.0,1
515,0.09968535762624514,2.0,0
515,0.05360826416580207,2.0,1
516,0.10025789721349153,2.0,0
516,0.05399436857812768,2.0,1
517,0.10083189536981355,2.0,0
517,0.054382607987723076,2.0,1
518,0.10140734067994459,2.0,0
518,0.0547729881684843,2.0,1
519,0.10198422160258634,2.0,0
519,0.055165514824903956,2.0,1
520,0.10256252647022458,2.0,0
520,0.055560193590176575,2.0,1
521,0.10314224348897104,2.0,0
521,0.055957030024298735,2.0,1
522,0.1037233607384314,2.0,0
522,0.05635602961216479,2.0,1
523,0.1043058661716014,2.0,0
523,0.05675719776165918,2.0,1
524,0.10488974761479122,2.0,0
524,0.0571605398017469,2.0,1
525,0.10547499276757957,2.0,0
525,0.0575660609805628,2.0,1
526,0.10606158920279805,2.0,0
526,0.05797376646350152,2.0,1
527,0.10664952436654696,2.0,0
527,0.0583836613313085,2.0,1
528,0.10723878557824344,2.0,0
528,0.05879575057817379,2.0,1
529,0.10782936003070276,2.0,0
529,0.05921003910983009,2.0,1
530,0.1084212347902536,2.0,0
530,0.059626531741655414,2.0,1
531,0.10901439679688815,2.0,0
531,0.06004523319678236,2.0,1
532,0.10960883286444784,2.0,0
532,0.06046614810421506,2.0,1
533,0.11020452968084557,2.0,0
533,0.06088928099695494,2.0,1
534,0.11080147380832543,2.0,0
534,0.06131463631013663,2.0,1
535,0.11139965168375973,2.0,0
535,0.06174221837917524,2.0,1
536,0.11199904961898513,2.0,0
536,0.06217203143792664,2.0,1
537,0.11259965380117802,2.0,0
537,0.06260407961686147,2.0,1
538,0.11320145029326995,2.0,0
538,0.06303836694125466,2.0,1
539,0.11380442503440338,2.0,0
539,0.06347489732939154,2.0,1
540,0.11440856384042888,2.0,0
540,0.06391367459079221,2.0,1
541,0.11501385240444371,2.0,0
541,0.06435470242445473,2.0,1
542,0.11562027629737312,2.0,0
542,0.06479798441711981,2.0,1
543,0.1162278209685938,2.0,0
543,0.06524352404155677,2.0,1
544,0.11683647174660082,2.0,0
544,0.0656913246548736,2.0,1
545,0.11744621383971815,2.0,0
545,0.06614138949685151,2.0,1
546,0.11805703233685257,2.0,0
546,0.06659372168830614,2.0,1
547,0.11866891220829269,2.0,0
547,0.06704832422947592,2.0,1
548,0.11928183830655172,2.0,0
548,0.06750519999844003,2.0,1
549,0.11989579536725507,2.0,0
549,0.06796435174956703,2.0,1
550,0.12051076801007342,2.0,0
550,0.06842578211199508,2.0,1
551,0.12112674073970042,2.0,0
551,0.06888949358814625,2.0,1
552,0.12174369794687571,2.0,0
552,0.06935548855227562,2.0,1
553,0.1223616239094533,2.0,0
553,0.06982376924905705,2.0,1
554,0.12298050279351527,2.0,0
554,0.07029433779220716,2.0,1
555,0.12360031865453071,2.0,0
555,0.07076719616314896,2.0,1
556,0.12422105543855975,2.0,0
556,0.07124234620971688,2.0,1
557,0.12484269698350316,2.0,0
557,0.0717197896449048,2.0,1
558,0.12546522702039617,2.0,0
558,0.0721995280456582,2.0,1
559,0.12608862917474772,2.0,0
559,0.07268156285171305,2.0,1
560,0.12671288696792404,2.0,0
560,0.07316589536448236,2.0,1
561,0.12733798381857578,2.0,0
561,0.07365252674599214,2.0,1
562,0.12796390304410996,2.0,0
562,0.07414145801786892,2.0,1
563,0.12859062786220465,2.0,0
563,0.07463269006038002,2.0,1
564,0.12921814139236676,2.0,0
564,0.07512622361152867,2.0,1
565,0.1298464266575329,2.0,0
565,0.07562205926620567,2.0,1
566,0.130475466585711,2.0,0
566,0.07612019747539937,2.0,1
567,0.13110524401166448,2.0,0
567,0.07662063854546566,2.0,1
568,0.1317357416786365,2.0,0
568,0.07712338263745983,2.0,1
569,0.13236694224011458,2.0,0
569,0.0776284297665323,2.0,1
570,0.13299882826163423,2.0,0
570,0.07813577980138978,2.0,1
571,0.13363138222262105,2.0,0
571,0.07864543246382373,2.0,1
572,0.13426458651827156,2.0,0
572,0.07915738732830802,2.0,1
573,0.13489842346146907,2.0,0
573,0.07967164382166776,2.0,1
574,0.1355328752847374,2.0,0
574,0.0801882012228209,2.0,1
575,0.13616792414222847,2.0,0
575,0.08070705866259402,2.0,1
576,0.13680355211174386,2.0,0
576,0.08122821512361518,2.0,1
577,0.13743974119679037,2.0,0
577,0.08175166944028439,2.0,1
578,0.13807647332866643,2.0,0
578,0.08227742029882425,2.0,1
579,0.13871373036857965,2.0,0
579,0.08280546623741197,2.0,1
580,0.1393514941097942,2.0,0
580,0.08333580564639473,2.0,1
581,0.13998974627980693,2.0,0
581,0.08386843676858961,2.0,1
582,0.14062846854254996,2.0,0
582,0.0844033576996701,2.0,1
583,0.14126764250061982,2.0,0
583,0.08494056638864037,2.0,1
584,0.1419072496975318,2.0,0
584,0.08548006063839843,2.0,1
585,0.14254727161999672,2.0,0
585,0.08602183810638996,2.0,1
586,0.14318768970022033,2.0,0
586,0.08656589630535422,2.0,1
587,0.14382848531822387,2.0,0
587,0.0871122326041619,2.0,1
588,0.14446963980418334,2.0,0
588,0.08766084422874751,2.0,1
589,0.14511113444078724,2.0,0
589,0.08821172826313604,2.0,1
590,0.14575295046561018,2.0,0
590,0.08876488165056524,2.0,1
591,0.1463950690735028,2.0,0
591,0.08932030119470338,2.0,1
592,0.1470374714189938,2.0,0
592,0.08987798356096416,2.0,1
593,0.14768013861870552,2.0,0
593,0.09043792527791746,2.0,1
594,0.14832305175377974,2.0,0
594,0.09100012273879748,2.0,1
595,0.14896619187231216,2.0,0
595,0.09156457220310697,2.0,1
596,0.14960953999179544,2.0,0
596,0.09213126979831802,2.0,1
597,0.15025307710156796,2.0,0
597,0.09270021152166867,2.0,1
598,0.15089678416526772,2.0,0
598,0.09327139324205407,2.0,1
599,0.1515406421232888,2.0,0
599,0.09384481070201224,2.0,1
600,0.15218463189524026,2.0,0
600,0.09442045951980209,2.0,1
601,0.152828734382405,2.0,0
601,0.09499833519157312,2.0,1
602,0.153472930470197,2.0,0
602,0.09557843309362407,2.0,1
603,0.15411720103061663,2.0,0
603,0.09616074848474973,2.0,1
604,0.154761526924701,2.0,0
604,0.0967452765086721,2.0,1
605,0.1554058890049693,2.0,0
605,0.09733201219655467,2.0,1
606,0.1560502681178605,2.0,0
606,0.09792095046959588,2.0,1
607,0.15669464510616307,2.0,0
607,0.09851208614169923,2.0,1
608,0.15733900081143473,2.0,0
608,0.09910541392221578,2.0,1
609,0.15798331607641075,2.0,0
609,0.09970092841875575,2.0,1
610,0.15862757174739978,2.0,0
610,0.1002986241400651,2.0,1
611,0.15927174867666605,2.0,0
611,0.10089849549896183,2.0,1
612,0.15991582772479623,2.0,0
612,0.10150053681532771,2.0,1
613,0.16055978976304958,2.0,0
613,0.10210474231915036,2.0,1
614,0.16120361567569105,2.0,0
614,0.10271110615360964,2.0,1
615,0.1618472863623054,2.0,0
615,0.10331962237820289,2.0,1
616,0.1624907827400909,2.0,0
616,0.10393028497190264,2.0,1
617,0.16313408574613292,2.0,0
617,0.10454308783634021,2.0,1
618,0.163777176339654,2.0,0
618,0.10515802479900889,2.0,1
619,0.16442003550424275,2.0,0
619,0.10577508961647855,2.0,1
620,0.16506264425005654,2.0,0
620,0.10639427597761494,2.0,1
621,0.16570498361600097,2.0,0
621,0.10701557750679604,2.0,1
622,0.166347034671882,2.0,0
622,0.10763898776711665,2.0,1
623,0.1669887785205323,2.0,0
623,0.10826450026357318,2.0,1
624,0.16763019629990952,2.0,0
624,0.10889210844622113,2.0,1
625,0.16827126918516666,2.0,0
625,0.1095218057132941,2.0,1
626,0.16891197839069305,2.0,0
626,0.11015358541427737,2.0,1
627,0.16955230517212608,2.0,0
627,0.11078744085292573,2.0,1
628,0.17019223082833257,2.0,0
628,0.1114233652902163,2.0,1
629,0.17083173670335952,2.0,0
629,0.11206135194722626,2.0,1
630,0.17147080418835345,2.0,0
630,0.1127013940079266,2.0,1
631,0.1721094147234483,2.0,0
631,0.11334348462188044,2.0,1
632,0.17274754979962148,2.0,0
632,0.1139876169068375,2.0,1
633,0.17338519096051694,2.0,0
633,0.11463378395121306,2.0,1
634,0.1740223198042366,2.0,0
634,0.1152819788164423,2.0,1
635,0.17465891798509794,2.0,0
635,0.11593219453919903,2.0,1
636,0.17529496721535953,2.0,0
636,0.11658442413346876,2.0,1
637,0.17593044926691268,2.0,0
637,0.11723866059246621,2.0,1
638,0.1765653459729405,2.0,0
638,0.11789489689038657,2.0,1
639,0.17719963922954368,2.0,0
639,0.11855312598398038,2.0,1
640,0.17783331099733274,2.0,0
640,0.11921334081394316,2.0,1
641,0.17846634330298758,2.0,0
641,0.11987553430610821,2.0,1
642,0.17909871824078435,2.0,0
642,0.12053969937243433,2.0,1
643,0.17973041797408892,2.0,0
643,0.1212058289117785,2.0,1
644,0.18036142473681843,2.0,0
644,0.12187391581044453,2.0,1
645,0.18099172083487036,2.0,0
645,0.12254395294249845,2.0,1
646,0.18162128864751964,2.0,0
646,0.12321593316984263,2.0,1
647,0.1822501106287843,2.0,0
647,0.12388984934204006,2.0,1
648,0.1828781693087599,2.0,0
648,0.12456569429588057,2.0,1
649,0.18350544729492324,2.0,0
649,0.12524346085468288,2.0,1
650,0.18413192727340583,2.0,0
650,0.12592314182732342,2.0,1
651,0.18475759201023745,2.0,0
651,0.1266047300069881,2.0,1
652,0.18538242435256072,2.0,0
652,0.12728821816963815,2.0,1
653,0.1860064072298166,2.0,0
653,0.12797359907218683,2.0,1
654,0.18662952365490262,2.0,0
654,0.12866086545038133,2.0,1
655,0.1872517567253027,2.0,0
655,0.12935001001638502,2.0,1
656,0.18787308962419128,2.0,0
656,0.13004102545605717,2.0,1
657,0.1884935056215101,2.0,0
657,0.13073390442592683,2.0,1
658,0.18911298807502067,2.0,0
658,0.13142863954985873,2.0,1
659,0.18973152043133198,2.0,0
659,0.13212522341540855,2.0,1
660,0.19034908622690314,2.0,0
660,0.13282364856986814,2.0,1
661,0.19096566908902463,2.0,0
661,0.13352390751599943,2.0,1
662,0.19158125273677545,2.0,0
662,0.1342259927074578,2.0,1
663,0.19219582098196,2.0,0
663,0.13492989654390575,2.0,1
664,0.19280935773002283,2.0,0
664,0.13563561136582014,2.0,1
665,0.1934218469809449,2.0,0
665,0.13634312944899454,2.0,1
666,0.1940332728301189,2.0,0
666,0.1370524429987411,2.0,1
667,0.19464361946920763,2.0,0
667,0.13776354414379616,2.0,1
668,0.19525287118698376,2.0,0
668,0.1384764249299346,2.0,1
669,0.1958610123701533,2.0,0
669,0.13919107731329972,2.0,1
670,0.19646802750416278,2.0,0
670,0.13990749315345508,2.0,1
671,0.19707390117399154,2.0,0
671,0.14062566420616526,2.0,1
672,0.19767861806492895,2.0,0
672,0.14134558211591602,2.0,1
673,0.19828216296333928,2.0,0
673,0.1420672384081809,2.0,1
674,0.19888452075741184,2.0,0
674,0.14279062448144647,2.0,1
675,0.19948567643790124,2.0,0
675,0.14351573159900494,2.0,1
676,0.20008561509885456,2.0,0
676,0.14424255088052823,2.0,1
677,0.20068432193832844,2.0,0
677,0.14497107329343314,2.0,1
678,0.20128178225909718,2.0,0
678,0.1457012896440541,2.0,1
679,0.2018779814693502,2.0,0
679,0.14643319056863394,2.0,1
680,0.20247290508338214,2.0,0
680,0.14716676652414962,2.0,1
681,0.203066538722275,2.0,0
681,0.1479020077789871,2.0,1
682,0.20365886811457254,2.0,0
682,0.148638904403482,2.0,1
683,0.2042498790969489,2.0,0
683,0.1493774462603411,2.0,1
684,0.20483955761487085,2.0,0
684,0.15011762299496342,2.0,1
685,0.2054278897232544,2.0,0
685,0.15085942402567748,2.0,1
686,0.20601486158711757,2.0,0
686,0.15160283853391246,2.0,1
687,0.20660045948222805,2.0,0
687,0.15234785545432375,2.0,1
688,0.207184669795747,2.0,0
688,0.15309446346488886,2.0,1
689,0.2077674790268697,2.0,0
689,0.15384265097699631,2.0,1
690,0.20834887378746433,2.0,0
690,0.1545924061255446,2.0,1
691,0.20892884080270607,2.0,0
691,0.15534371675907302,2.0,1
692,0.20950736691171087,2.0,0
692,0.15609657042994354,2.0,1
693,0.2100844390681671,2.0,0
693,0.15685095438459448,2.0,1
694,0.2106600443409649,2.0,0
694,0.15760685555388768,2.0,1
695,0.21123416991482571,2.0,0
695,0.15836426054356773,2.0,1
696,0.21180680309092942,2.0,0
696,0.15912315562485588,2.0,1
697,0.2123779312875417,2.0,0
697,0.1598835267251992,2.0,1
698,0.2129475420406405,2.0,0
698,0.16064535941919378,2.0,1
699,0.21351562300454272,2.0,0
699,0.16140863891970628,2.0,1
700,0.21408216195252947,2.0,0
700,0.16217335006921002,2.0,1
701,0.2146471467774722,2.0,0
701,0.16293947733135905,2.0,1
702,0.21521056549245798,2.0,0
702,0.16370700478281866,2.0,1
703,0.21577240623141603,2.0,0
703,0.16447591610537204,2.0,1
704,0.21633265724974166,2.0,0
704,0.16524619457832299,2.0,1
705,0.21689130692492298,2.0,0
705,0.16601782307121216,2.0,1
706,0.21744834375716543,2.0,0
706,0.16679078403686712,2.0,1
707,0.21800375637001668,2.0,0
707,0.1675650595048017,2.0,1
708,0.21855753351099116,2.0,0
708,0.16834063107498362,2.0,1
709,0.21910966405219423,2.0,0
709,0.169117479911986,2.0,1
710,0.21966013699094464,2.0,0
710,0.16989558673953842,2.0,1
711,0.22020894145039782,2.0,0
711,0.17067493183549348,2.0,1
712,0.22075606668016626,2.0,0
712,0.17145549502722268,2.0,1
713,0.2213015020569388,2.0,0
713,0.17223725568745388,2.0,1
714,0.22184523708509982,2.0,0
714,0.17302019273056604,2.0,1
715,0.22238726139734383,2.0,0
715,0.17380428460934866,2.0,1
716,0.2229275647552896,2.0,0
716,0.17458950931224113,2.0,1
717,0.22346613705009166,2.0,0
717,0.17537584436105824,2.0,1
718,0.22400296830304664,2.0,0
718,0.1761632668092123,2.0,1
719,0.22453804866619925,2.0,0
719,0.17695175324043952,2.0,1
720,0.2250713684229416,2.0,0
720,0.177741279768037,2.0,1
721,0.22560291798860976,2.0,0
721,0.1785318220346159,2.0,1
722,0.2261326879110759,2.0,0
722,0.17932335521237566,2.0,1
723,0.22666066887133346,2.0,0
723,0.18011585400390273,2.0,1
724,0.22718685168407865,2.0,0
724,0.18090929264349484,2.0,1
725,0.22771122729828464,2.0,0
725,0.1817036448990149,2.0,1
726,0.22823378679776926,2.0,0
726,0.18249888407427076,2.0,1
727,0.22875452140175623,2.0,0
727,0.18329498301192362,2.0,1
728,0.22927342246542737,2.0,0
728,0.18409191409692,2.0,1
729,0.22979048148046857,2.0,0
729,0.18488964926044515,2.0,1
730,0.2303056900756047,2.0,0
730,0.18568815998439495,2.0,1
731,0.23081904001712744,2.0,0
731,0.1864874173063579,2.0,1
732,0.23133052320941175,2.0,0
732,0.18728739182510398,2.0,1
733,0.2318401316954229,2.0,0
733,0.1880880537065702,2.0,1
734,0.23234785765721194,2.0,0
734,0.18888937269033712,2.0,1
735,0.23285369341640041,2.0,0
735,0.1896913180965843,2.0,1
736,0.23335763143465216,2.0,0
736,0.19049385883351636,2.0,1
737,0.23385966431413355,2.0,0
737,0.19129696340524752,2.0,1
738,0.23435978479795982,2.0,0
738,0.19210059992013342,2.0,1
739,0.23485798577062805,2.0,0
739,0.19290473609953676,2.0,1
740,0.23535426025843603,2.0,0
740,0.1937093392870126,2.0,1
741,0.23584860142988567,2.0,0
741,0.1945143764579015,2.0,1
742,0.23634100259607296,2.0,0
742,0.19531981422931322,2.0,1
743,0.23683145721105905,2.0,0
743,0.19612561887048674,2.0,1
744,0.23731995887222854,2.0,0
744,0.19693175631351031,2.0,1
745,0.2378065013206278,2.0,0
745,0.19773819216438532,2.0,1
746,0.23829107844128805,2.0,0
746,0.1985448917144175,2.0,1
747,0.2387736842635296,2.0,0
747,0.19935181995191686,2.0,1
748,0.23925431296124755,2.0,0
748,0.2001589415741914,2.0,1
749,0.2397329588531803,2.0,0
749,0.20096622099981404,2.0,1
750,0.2402096164031563,2.0,0
750,0.2017736223811473,2.0,1
751,0.2406842802203229,2.0,0
751,0.20258110961710596,2.0,1
752,0.2411569450593548,2.0,0
752,0.20338864636614132,2.0,1
753,0.24162760582064163,2.0,0
753,0.2041961960594275,2.0,1
754,0.2420962575504542,2.0,0
754,0.2050037219142328,2.0,1
755,0.24256289544109033,2.0,0
755,0.20581118694745773,2.0,1
756,0.2430275148309987,2.0,0
756,0.20661855398932225,2.0,1
757,0.24349011120487948,2.0,0
757,0.20742578569718526,2.0,1
758,0.24395068019376442,2.0,0
758,0.20823284456947697,2.0,1
759,0.24440921757507308,2.0,0
759,0.20903969295973113,2.0,1
760,0.24486571927264594,2.0,0
760,0.20984629309069594,2.0,1
761,0.24532018135675476,2.0,0
761,0.21065260706851077,2.0,1
762,0.2457726000440892,2.0,0
762,0.21145859689693242,2.0,1
763,0.24622297169771926,2.0,0
763,0.21226422449159302,2.0,1
764,0.24667129282703393,2.0,0
764,0.21306945169427982,2.0,1
765,0.24711756008765623,2.0,0
765,0.21387424028721605,2.0,1
766,0.24756177028133255,2.0,0
766,0.2146785520073351,2.0,1
767,0.24800392035579827,2.0,0
767,0.21548234856053125,2.0,1
768,0.24844400740461794,2.0,0
768,0.216285591635875,2.0,1
769,0.24888202866700226,2.0,0
769,0.21708824291978168,2.0,1
770,0.24931798152759732,2.0,0
770,0.21789026411012077,2.0,1
771,0.2497518635162515,2.0,0
771,0.21869161693025607,2.0,1
772,0.2501836723077548,2.0,0
772,0.2194922631430061,2.0,1
773,0.25061340572155527,2.0,0
773,0.22029216456451411,2.0,1
774,0.2510410617214488,2.0,0
774,0.22109128307802023,2.0,1
775,0.25146663841524375,2.0,0
775,0.22188958064752617,2.0,1
776,0.25189013405440036,2.0,0
776,0.22268701933134416,2.0,1
777,0.252311547033646,2.0,0
777,0.22348356129552485,2.0,1
778,0.25273087589056387,2.0,0
778,0.2242791688271539,2.0,1
779,0.2531481193051572,2.0,0
779,0.22507380434751464,2.0,1
780,0.25356327609938895,2.0,0
780,0.2258674304251083,2.0,1
781,0.2539763452366955,2.0,0
781,0.22666000978852857,2.0,1
782,0.2543873258214768,2.0,0
782,0.22745150533918246,2.0,1
783,0.2547962170985612,2.0,0
783,0.22824188016385807,2.0,1
784,0.25520301845264526,2.0,0
784,0.22903109754713027,2.0,1
785,0.25560772940771115,2.0,0
785,0.2298191209836038,2.0,1
786,0.25601034962641744,2.0,0
786,0.2306059141899893,2.0,1
787,0.25641087890946834,2.0,0
787,0.23139144111700977,2.0,1
788,0.2568093171949577,2.0,0
788,0.23217566596113504,2.0,1
789,0.25720566455769,2.0,0
789,0.2329585531761412,2.0,1
790,0.25759992120847863,2.0,0
790,0.2337400674844935,2.0,1
791,0.25799208749342073,2.0,0
791,0.23452017388855084,2.0,1
792,0.25838216389314955,2.0,0
792,0.2352988376815901,2.0,1
793,0.2587701510220645,2.0,0
793,0.23607602445864814,2.0,1
794,0.2591560496275393,2.0,0
794,0.23685170012718137,2.0,1
795,0.25953986058910844,2.0,0
795,0.23762583091754044,2.0,1
796,0.2599215849176319,2.0,0
796,0.23839838339325956,2.0,1
797,0.2603012237544396,2.0,0
797,0.23916932446115832,2.0,1
798,0.26067877837045433,2.0,0
798,0.23993862138125693,2.0,1
799,0.26105425016529515,2.0,0
799,0.24070624177650068,2.0,1
800,0.26142764066636054,2.0,0
800,0.2414721536422965,2.0,1
801,0.26179895152789234,2.0,0
801,0.24223632535585593,2.0,1
802,0.2621681845300199,2.0,0
802,0.2429987256853479,2.0,1
803,0.26253534157778646,2.0,0
803,0.24375932379885626,2.0,1
804,0.26290042470015623,2.0,0
804,0.2445180892731436,2.0,1
805,0.26326343604900526,2.0,0
805,0.24527499210221876,2.0,1
806,0.2636243778980925,2.0,0
806,0.24603000270570644,2.0,1
807,0.26398325264201655,2.0,0
807,0.24678309193701778,2.0,1
808,0.26434006279515315,2.0,0
808,0.24753423109132078,2.0,1
809,0.2646948109905794,2.0,0
809,0.24828339191330887,2.0,1
810,0.2650474999789801,2.0,0
810,0.24903054660476415,2.0,1
811,0.26539813262753953,2.0,0
811,0.24977566783191552,2.0,1
812,0.26574671191882,2.0,0
812,0.2505187287325893,2.0,1
813,0.2660932409496232,2.0,0
813,0.25125970292314986,2.0,1
814,0.2664377229298413,2.0,0
814,0.2519985645052277,2.0,1
815,0.26678016118129194,2.0,0
815,0.2527352880722336,2.0,1
816,0.26712055913654137,2.0,0
816,0.25346984871565764,2.0,1
817,0.26745892033771634,2.0,0
817,0.2542022220311473,2.0,1
818,0.2677952484353022,2.0,0
818,0.2549323841243662,2.0,1
819,0.26812954718693127,2.0,0
819,0.2556603116166285,2.0,1
820,0.26846182045615913,2.0,0
820,0.25638598165030746,2.0,1
821,0.2687920722112317,2.0,0
821,0.2571093718940165,2.0,1
822,0.2691203065238415,2.0,0
822,0.25783046054755676,2.0,1
823,0.26944652756787446,2.0,0
823,0.2585492263466351,2.0,1
824,0.269770739618148,2.0,0
824,0.25926564856734313,2.0,1
825,0.27009294704914183,2.0,0
825,0.2599797070303994,2.0,1
826,0.2704131543337184,2.0,0
826,0.2606913821051507,2.0,1
827,0.27073136604183684,2.0,0
827,0.2614006547133314,2.0,1
828,0.2710475868392615,2.0,0
828,0.2621075063325762,2.0,1
829,0.2713618214862613,2.0,0
829,0.2628119189996865,2.0,1
830,0.2716740748363043,2.0,0
830,0.2635138753136481,2.0,1
831,0.27198435183474673,2.0,0
831,0.26421335843839655,2.0,1
832,0.272292657517516,2.0,0
832,0.26491035210533015,2.0,1
833,0.2725989970097907,2.0,0
833,0.26560484061556894,2.0,1
834,0.27290337552467336,2.0,0
834,0.2662968088419567,2.0,1
835,0.2732057983618626,2.0,0
835,0.2669862422308054,2.0,1
836,0.2735062709063197,2.0,0
836,0.2676731268033831,2.0,1
837,0.27380479862693297,2.0,0
837,0.26835744915713877,2.0,1
838,0.27410138707517967,2.0,0
838,0.2690391964666712,2.0,1
839,0.2743960418837858,2.0,0
839,0.2697183564844329,2.0,1
840,0.27468876876538356,2.0,0
840,0.2703949175411759,2.0,1
841,0.2749795735111686,2.0,0
841,0.27106886854613427,2.0,1
842,0.27526846198955524,2.0,0
842,0.27174019898694646,2.0,1
843,0.2755554401448323,2.0,0
843,0.27240889892931647,2.0,1
844,0.27584051399581827,2.0,0
844,0.27307495901641393,2.0,1
845,0.276123689634517,2.0,0
845,0.27373837046801586,2.0,1
846,0.2764049732247734,2.0,0
846,0.27439912507938874,2.0,1
847,0.2766843710009314,2.0,0
847,0.27505721521991433,2.0,1
848,0.27696188926649246,2.0,0
848,0.2757126338314586,2.0,1
849,0.2772375343927765,2.0,0
849,0.2763653744264879,2.0,1
850,0.27751131281758357,2.0,0
850,0.2770154310859323,2.0,1
851,0.2777832310438605,2.0,0
851,0.2776627984567998,2.0,1
852,0.27805329563836817,2.0,0
852,0.2783074717495436,2.0,1
853,0.27832151323035276,2.0,0
853,0.2789494467351846,2.0,1
854,0.2785878905102207,2.0,0
854,0.2795887197421927,2.0,1
855,0.27885243422821665,2.0,0
855,0.28022528765312965,2.0,1
856,0.2791151511931071,2.0,0
856,0.2808591479010586,2.0,1
857,0.2793760482708664,2.0,0
857,0.2814902984657215,2.0,1
858,0.2796351323833693,2.0,0
858,0.28211873786949004,2.0,1
859,0.27989241050708746,2.0,0
859,0.2827444651730939,2.0,1
860,0.2801478896717917,2.0,0
860,0.2833674799711304,2.0,1
861,0.280401576959259,2.0,0
861,0.2839877823873607,2.0,1
862,0.28065347950198677,2.0,0
862,0.28460537306979644,2.0,1
863,0.2809036044819116,2.0,0
863,0.2852202531855826,2.0,1
864,0.2811519591291365,2.0,0
864,0.2858324244156818,2.0,1
865,0.28139855072066117,2.0,0
865,0.28644188894936456,2.0,1
866,0.2816433865791228,2.0,0
866,0.28704864947851133,2.0,1
867,0.28188647407154244,2.0,0
867,0.2876527091917326,2.0,1
868,0.2821278206080773,2.0,0
868,0.2882540717683116,2.0,1
869,0.2823674336407827,2.0,0
869,0.28885274137197736,2.0,1
870,0.2826053206623807,2.0,0
870,0.28944872264451177,2.0,1
871,0.28284148920503605,2.0,0
871,0.2900420206991996,2.0,1
872,0.2830759468391415,2.0,0
872,0.29063264111412485,2.0,1
873,0.28330870117211004,2.0,0
873,0.29122058992532185,2.0,1
874,0.28353975984717666,2.0,0
874,0.2918058736197882,2.0,1
875,0.2837691305422077,2.0,0
875,0.29238849912836223,2.0,1
876,0.28399682096852025,2.0,0
876,0.29296847381847724,2.0,1
877,0.28422283886970906,2.0,0
877,0.2935458054867936,2.0,1
878,0.2844471920204839,2.0,0
878,0.29412050235171994,2.0,1
879,0.28466988822551476,2.0,0
879,0.29469257304582713,2.0,1
880,0.2848909353182872,2.0,0
880,0.29526202660816314,2.0,1
881,0.28511034115996775,2.0,0
881,0.295828872476476,2.0,1
882,0.2853281136382777,2.0,0
882,0.29639312047935,2.0,1
883,0.2855442606663775,2.0,0
883,0.2969547808282638,2.0,1
884,0.28575879018176054,2.0,0
884,0.297513864109576,2.0,1
885,0.2859717101451575,2.0,0
885,0.29807038127644514,2.0,1
886,0.2861830285394502,2.0,0
886,0.2986243436406911,2.0,1
887,0.2863927533685957,2.0,0
887,0.29917576286460473,2.0,1
888,0.28660089265656113,2.0,0
888,0.2997246509527116,2.0,1
889,0.28680745444626804,2.0,0
889,0.3002710202434968,2.0,1
890,0.287012446798549,2.0,0
890,0.3008148834010979,2.0,1
891,0.2872158777911112,2.0,0
891,0.30135625340697186,2.0,1
892,0.28741775551751525,2.0,0
892,0.3018951435515411,2.0,1
893,0.2876180880861606,2.0,0
893,0.30243156742582833,2.0,1
894,0.28781688361928415,2.0,0
894,0.3029655389130817,2.0,1
895,0.2880141502519686,2.0,0
895,0.3034970721804005,2.0,1
896,0.28820989613116177,2.0,0
896,0.3040261816703645,2.0,1
897,0.28840412941470706,2.0,0
897,0.30455288209267434,2.0,1
898,0.2885968582703846,2.0,0
898,0.3050771884158078,2.0,1
899,0.28878809087496354,2.0,0
899,0.30559911585869737,2.0,1
900,0.28897783541326494,2.0,0
900,0.3061186798824356,2.0,1
901,0.2891661000772361,2.0,0
901,0.3066358961820127,2.0,1
902,0.289352893065036,2.0,0
902,0.30715078067809065,2.0,1
903,0.2895382225801318,2.0,0
903,0.3076633495088213,2.0,1
904,0.2897220968304055,2.0,0
904,0.3081736190217104,2.0,1
905,0.2899045240272735,2.0,0
905,0.3086816057655345,2.0,1
906,0.2900855123848159,2.0,0
906,0.30918732648231356,2.0,1
907,0.2902650701189169,2.0,0
907,0.30969079809934535,2.0,1
908,0.2904432054464179,2.0,0
908,0.31019203772130366,2.0,1
909,0.29061992658427915,2.0,0
909,0.31069106262240603,2.0,1
910,0.29079524174875565,2.0,0
910,0.31118789023865606,2.0,1
911,0.29096915915458144,2.0,0
911,0.3116825381601584,2.0,1
912,0.2911416870141668,2.0,0
912,0.3121750241235185,2.0,1
913,0.2913128335368054,2.0,0
913,0.3126653660043219,2.0,1
914,0.2914826069278938,2.0,0
914,0.3131535818097029,2.0,1
915,0.29165101538816074,2.0,0
915,0.3136396896710016,2.0,1
916,0.291818067112909,2.0,0
916,0.3141237078365137,2.0,1
917,0.2919837702912661,2.0,0
917,0.3146056546643361,2.0,1
918,0.29214813310544907,2.0,0
918,0.3150855486153099,2.0,1
919,0.2923111637300368,2.0,0
919,0.3155634082460626,2.0,1
920,0.2924728703312571,2.0,0
920,0.3160392522021552,2.0,1
921,0.292633261066281,2.0,0
921,0.31651309921133053,2.0,1
922,0.2927923440825304,2.0,0
922,0.31698496807687065,2.0,1
923,0.2929501275169968,2.0,0
923,0.3174548776710604,2.0,1
924,0.29310661949556793,2.0,0
924,0.3179228469287614,2.0,1
925,0.2932618281323694,2.0,0
925,0.3183888948410965,2.0,1
926,0.29341576152911364,2.0,0
926,0.31885304044924756,2.0,1
927,0.2935684277744614,2.0,0
927,0.3193153028383652,2.0,1
928,0.2937198349433934,2.0,0
928,0.31977570113159404,2.0,1
929,0.29386999109659245,2.0,0
929,0.32023425448421305,2.0,1
930,0.29401890427983657,2.0,0
930,0.3206909820778906,2.0,1
931,0.2941665825234022,2.0,0
931,0.3211459031150587,2.0,1
932,0.294313033841478,2.0,0
932,0.32159903681340124,2.0,1
933,0.2944582662315894,2.0,0
933,0.32205040240046173,2.0,1
934,0.29460228767403346,2.0,0
934,0.322500019108367,2.0,1
935,0.29474510613132315,2.0,0
935,0.322947906168671,2.0,1
936,0.2948867295476436,2.0,0
936,0.3233940828073123,2.0,1
937,0.2950271658483168,2.0,0
937,0.3238385682396931,2.0,1
938,0.295166422939277,2.0,0
938,0.3242813816658731,2.0,1
939,0.29530450870655756,2.0,0
939,0.32472254226588104,2.0,1
940,0.2954414310157849,2.0,0
940,0.32516206919514234,2.0,1
941,0.29557719771168595,2.0,0
941,0.32559998158002335,2.0,1
942,0.29571181661760204,2.0,0
942,0.326036298513491,2.0,1
943,0.29584529553501515,2.0,0
943,0.32647103905088576,2.0,1
944,0.2959776422430829,2.0,0
944,0.32690422220581083,2.0,1
945,0.2961088644981826,2.0,0
945,0.3273358669461318,2.0,1
946,0.2962389700334667,2.0,0
946,0.32776599219009134,2.0,1
947,0.29636796655842534,2.0,0
947,0.32819461680253165,2.0,1
948,0.2964958617584611,2.0,0
948,0.3286217595912302,2.0,1
949,0.29662266329447035,2.0,0
949,0.3290474393033433,2.0,1
950,0.2967483788024364,2.0,0
950,0.3294716746219558,2.0,1
951,0.2968730158930304,2.0,0
951,0.32989448416274086,2.0,1
952,0.2969965821512212,2.0,0
952,0.33031588647072174,2.0,1
953,0.2971190851358964,2.0,0
953,0.3307359000171395,2.0,1
954,0.29724053237948933,2.0,0
954,0.3311545431964232,2.0,1
955,0.2973609313876174,2.0,0
955,0.3315718343232606,2.0,1
956,0.29748028963872863,2.0,0
956,0.3319877916297697,2.0,1
957,0.29759861458375647,2.0,0
957,0.33240243326276764,2.0,1
958,0.29771591364578387,2.0,0
958,0.33281577728113754,2.0,1
959,0.29783219421971546,2.0,0
959,0.33322784165328967,2.0,1
960,0.2979474636719593,2.0,0
960,0.3336386442547177,2.0,1
961,0.29806172934011604,2.0,0
961,0.33404820286564574,2.0,1
962,0.29817499853267637,2.0,0
962,0.3344565351687677,2.0,1
963,0.29828727852872866,2.0,0
963,0.3348636587470745,2.0,1
964,0.29839857657767177,2.0,0
964,0.3352695910817692,2.0,1
965,0.29850889989893925,2.0,0
965,0.3356743495502682,2.0,1
966,0.29861825568172834,2.0,0
966,0.33607795142428676,2.0,1
967,0.2987266510847405,2.0,0
967,0.33648041386800714,2.0,1
968,0.2988340932359266,2.0,0
968,0.3368817539363269,2.0,1
969,0.2989405892322421,2.0,0
969,0.33728198857318836,2.0,1
970,0.2990461461394087,2.0,0
970,0.3376811346099845,2.0,1
971,0.2991507709916844,2.0,0
971,0.3380792087640409,2.0,1
972,0.29925447079164114,2.0,0
972,0.3384762276371734,2.0,1
973,0.2993572525099488,2.0,0
973,0.3388722077143176,2.0,1
974,0.29945912308516864,2.0,0
974,0.33926716536223045,2.0,1
975,0.2995600894235518,2.0,0
975,0.33966111682826083,2.0,1
976,0.2996601583988467,2.0,0
976,0.34005407823918865,2.0,1
977,0.299759336852113,2.0,0
977,0.34044606560013085,2.0,1
978,0.2998576315915423,2.0,0
978,0.3408370947935125,2.0,1
979,0.29995504939228657,2.0,0
979,0.34122718157809984,2.0,1
980,0.3000515969962929,2.0,0
980,0.34161634158809817,2.0,1
981,0.30014728111214506,2.0,0
981,0.34200459033230707,2.0,1
982,0.3002421084149122,2.0,0
982,0.3423919431933371,2.0,1
983,0.30033608554600405,2.0,0
983,0.3427784154268828,2.0,1
984,0.300429219113032,2.0,0
984,0.3431640221610519,2.0,1
985,0.3005215156896784,2.0,0
985,0.3435487783957494,2.0,1
986,0.30061298181556995,2.0,0
986,0.3439326990021146,2.0,1
987,0.30070362399615913,2.0,0
987,0.3443157987220106,2.0,1
988,0.3007934487026115,2.0,0
988,0.34469809216756386,2.0,1
989,0.30088246237169813,2.0,0
989,0.34507959382075293,2.0,1
990,0.3009706714056961,2.0,0
990,0.3454603180330445,2.0,1
991,0.3010580821722929,2.0,0
991,0.3458402790250783,2.0,1
992,0.3011447010044979,2.0,0
992,0.34621949088639353,2.0,1
993,0.3012305342005595,2.0,0
993,0.34659796757520384,2.0,1
994,0.3013155880238872,2.0,0
994,0.3469757229182109,2.0,1
995,0.3013998687029812,2.0,0
995,0.34735277061046305,2.0,1
996,0.3014833824313651,2.0,0
996,0.34772912421525143,2.0,1
997,0.30156613536752647,2.0,0
997,0.34810479716404985,2.0,1
998,0.30164813363486065,2.0,0
998,0.34847980275648704,2.0,1
999,0.3017293833216217,2.0,0
999,0.3488541541603618,2.0,1
0,0.0026735702790027667,3.0,0
0,0.0007088329699498176,3.0,1
1,0.0027005713993050865,3.0,0
1,0.0007162634429538634,3.0,1
2,0.0027278412316856728,3.0,0
2,0.0007237719774924743,3.0,1
3,0.0027553823615602286,3.0,0
3,0.000731359391756841,3.0,1
4,0.0027831973973395058,3.0,0
4,0.000739026512406584,3.0,1
5,0.002811288970594808,3.0,0
5,0.0007467741746543763,3.0,1
6,0.0028396597362238822,3.0,0
6,0.0007546032223513407,3.0,1
7,0.00286831237261714,3.0,0
7,0.0007625145080732287,3.0,1
8,0.002897249581824216,3.0,0
8,0.0007705088932073803,3.0,1
9,0.002926474089720833,3.0,0
9,0.0007785872480404854,3.0,1
10,0.0029559886461759505,3.0,0
10,0.0007867504518471295,3.0,1
11,0.0029857960252191807,3.0,0
11,0.0007949993929791537,3.0,1
12,0.003015899025208449,3.0,0
12,0.000803334968955816,3.0,1
13,0.00304630046899787,3.0,0
13,0.0008117580865547689,3.0,1
14,0.0030770032041058247,3.0,0
14,0.000820269661903854,3.0,1
15,0.003108010102883214,3.0,0
15,0.0008288706205737273,3.0,1
16,0.0031393240626818404,3.0,0
16,0.0008375618976713097,3.0,1
17,0.003170948006022958,3.0,0
17,0.0008463444379340763,3.0,1
18,0.003202884880765862,3.0,0
18,0.0008552191958251864,3.0,1
19,0.0032351376602766063,3.0,0
19,0.0008641871356294617,3.0,1
20,0.0032677093435967224,3.0,0
20,0.0008732492315502202,3.0,1
21,0.003300602955611987,3.0,0
21,0.0008824064678069637,3.0,1
22,0.0033338215472211528,3.0,0
22,0.0008916598387339338,3.0,1
23,0.003367368195504668,3.0,0
23,0.0009010103488795362,3.0,1
24,0.003401246003893297,3.0,0
24,0.00091045901310664,3.0,1
25,0.0034354581023366597,3.0,0
25,0.0009200068566937604,3.0,1
26,0.0034700076474716447,3.0,0
26,0.0009296549154371253,3.0,1
27,0.00350489782279064,3.0,0
27,0.0009394042357536357,3.0,1
28,0.0035401318388095905,3.0,0
28,0.0009492558747847252,3.0,1
29,0.0035757129332358102,3.0,0
29,0.0009592109005011185,3.0,1
30,0.0036116443711355552,3.0,0
30,0.000969270391808503,3.0,1
31,0.00364792944510127,3.0,0
31,0.000979435438654115,3.0,1
32,0.003684571475418536,3.0,0
32,0.0009897071421342415,3.0,1
33,0.003721573810232633,3.0,0
33,0.0010000866146026494,3.0,1
34,0.0037589398257146934,3.0,0
34,0.0010105749797799496,3.0,1
35,0.0037966729262274342,3.0,0
35,0.0010211733728638904,3.0,1
36,0.00383477654449039,3.0,0
36,0.0010318829406405971,3.0,1
37,0.0038732541417446425,3.0,0
37,0.0010427048415967578,3.0,1
38,0.0039121092079169775,3.0,0
38,0.0010536402460327604,3.0,1
39,0.00395134526178345,3.0,0
39,0.0010646903361767877,3.0,1
40,0.003990965851132314,3.0,0
40,0.0010758563062998805,3.0,1
41,0.004030974552926262,3.0,0
41,0.001087139362831958,3.0,1
42,0.004071374973463924,3.0,0
42,0.001098540724478823,3.0,1
43,0.0041121707485406375,3.0,0
43,0.0011100616223401396,3.0,1
44,0.004153365543608355,3.0,0
44,0.001121703300028401,3.0,1
45,0.00419496305393472,3.0,0
45,0.0011334670137888743,3.0,1
46,0.0042369670047612325,3.0,0
46,0.0011453540326205574,3.0,1
47,0.004279381151460449,3.0,0
47,0.0011573656383981183,3.0,1
48,0.004322209279692187,3.0,0
48,0.001169503125994851,3.0,1
49,0.004365455205558686,3.0,0
49,0.0011817678034066344,3.0,1
50,0.0044091227757586445,3.0,0
50,0.001194160991876909,3.0,1
51,0.00445321586774013,3.0,0
51,0.0012066840260226703,3.0,1
52,0.004497738389852269,3.0,0
52,0.0012193382539614904,3.0,1
53,0.004542694281495674,3.0,0
53,0.0012321250374395637,3.0,1
54,0.004588087513271586,3.0,0
54,0.0012450457519607929,3.0,1
55,0.004633922087129627,3.0,0
55,0.0012581017869169068,3.0,1
56,0.004680202036514144,3.0,0
56,0.0012712945457186281,3.0,1
57,0.004726931426509067,3.0,0
57,0.0012846254459278844,3.0,1
58,0.004774114353981251,3.0,0
58,0.0012980959193910732,3.0,1
59,0.004821754947722205,3.0,0
59,0.0013117074123733864,3.0,1
60,0.004869857368588192,3.0,0
60,0.001325461385694196,3.0,1
61,0.004918425809638599,3.0,0
61,0.0013393593148634988,3.0,1
62,0.0049674644962725435,3.0,0
62,0.001353402690219444,3.0,1
63,0.005016977686363656,3.0,0
63,0.0013675930170669224,3.0,1
64,0.005066969670392945,3.0,0
64,0.0013819318158172493,3.0,1
65,0.005117444771579726,3.0,0
65,0.0013964206221289124,3.0,1
66,0.005168407346010511,3.0,0
66,0.0014110609870494242,3.0,1
67,0.0052198617827658046,3.0,0
67,0.0014258544771582563,3.0,1
68,0.005271812504044776,3.0,0
68,0.0014408026747108644,3.0,1
69,0.0053242639652876485,3.0,0
69,0.0014559071777838295,3.0,1
70,0.005377220655295865,3.0,0
70,0.00147116960042108,3.0,1
71,0.005430687096349838,3.0,0
71,0.0014865915727812387,3.0,1
72,0.005484667844324295,3.0,0
72,0.0015021747412860644,3.0,1
73,0.00553916748880112,3.0,0
73,0.0015179207687700247,3.0,1
74,0.005594190653179616,3.0,0
74,0.0015338313346309664,3.0,1
75,0.005649741994784111,3.0,0
75,0.0015499081349819213,3.0,1
76,0.005705826204968862,3.0,0
76,0.0015661528828040288,3.0,1
77,0.005762448009220147,3.0,0
77,0.0015825673081005887,3.0,1
78,0.005819612167255488,3.0,0
78,0.0015991531580522357,3.0,1
79,0.0058773234731199445,3.0,0
79,0.0016159121971732612,3.0,1
80,0.005935586755279334,3.0,0
80,0.0016328462074690583,3.0,1
81,0.005994406876710404,3.0,0
81,0.0016499569885947104,3.0,1
82,0.006053788734987789,3.0,0
82,0.0016672463580147219,3.0,1
83,0.0061137372623677,3.0,0
83,0.0016847161511638884,3.0,1
84,0.006174257425868278,3.0,0
84,0.0017023682216093232,3.0,1
85,0.0062353542273465255,3.0,0
85,0.0017202044412136161,3.0,1
86,0.00629703270357173,3.0,0
86,0.0017382267002991612,3.0,1
87,0.006359297926295259,3.0,0
87,0.0017564369078136239,3.0,1
88,0.0064221550023167455,3.0,0
88,0.001774836991496572,3.0,1
89,0.006485609073546426,3.0,0
89,0.001793428898047255,3.0,1
90,0.0065496653170637065,3.0,0
90,0.0018122145932935546,3.0,1
91,0.006614328945171749,3.0,0
91,0.0018311960623620836,3.0,1
92,0.006679605205448038,3.0,0
92,0.0018503753098494482,3.0,1
93,0.006745499380790847,3.0,0
93,0.0018697543599946887,3.0,1
94,0.006812016789461512,3.0,0
94,0.0018893352568528593,3.0,1
95,0.0068791627851223745,3.0,0
95,0.0019091200644697985,3.0,1
96,0.006946942756870406,3.0,0
96,0.001929110867058047,3.0,1
97,0.007015362129266294,3.0,0
97,0.0019493097691739487,3.0,1
98,0.00708442636235902,3.0,0
98,0.0019697188958959074,3.0,1
99,0.007154140951705742,3.0,0
99,0.001990340393003822,3.0,1
100,0.007224511428386949,3.0,0
100,0.0020111764271596834,3.0,1
101,0.007295543359016779,3.0,0
101,0.002032229186089349,3.0,1
102,0.007367242345748355,3.0,0
102,0.0020535008787654807,3.0,1
103,0.007439614026274158,3.0,0
103,0.0020749937355916542,3.0,1
104,0.007512664073821222,3.0,0
104,0.0020967100085876405,3.0,1
105,0.00758639819714112,3.0,0
105,0.0021186519715758532,3.0,1
106,0.007660822140494631,3.0,0
106,0.0021408219203689714,3.0,1
107,0.007735941683631004,3.0,0
107,0.0021632221729587166,3.0,1
108,0.007811762641761696,3.0,0
108,0.0021858550697058192,3.0,1
109,0.007888290865528507,3.0,0
109,0.0022087229735311266,3.0,1
110,0.007965532240965993,3.0,0
110,0.0022318282701078982,3.0,1
111,0.008043492689458094,3.0,0
111,0.0022551733680552513,3.0,1
112,0.008122178167688869,3.0,0
112,0.0022787606991327737,3.0,1
113,0.00820159466758718,3.0,0
113,0.0023025927184362987,3.0,1
114,0.00828174821626533,3.0,0
114,0.0023266719045948367,3.0,1
115,0.00836264487595148,3.0,0
115,0.002351000759968669,3.0,1
116,0.00844429074391575,3.0,0
116,0.0023755818108485856,3.0,1
117,0.008526691952389974,3.0,0
117,0.0024004176076562905,3.0,1
118,0.008609854668480903,3.0,0
118,0.002425510725145946,3.0,1
119,0.008693785094076843,3.0,0
119,0.0024508637626068667,3.0,1
120,0.008778489465747613,3.0,0
120,0.0024764793440673638,3.0,1
121,0.008863974054637671,3.0,0
121,0.0025023601184997225,3.0,1
122,0.008950245166352419,3.0,0
122,0.0025285087600263223,3.0,1
123,0.009037309140837415,3.0,0
123,0.0025549279681268884,3.0,1
124,0.009125172352250613,3.0,0
124,0.002581620467846885,3.0,1
125,0.009213841208827352,3.0,0
125,0.002608589010007012,3.0,1
126,0.009303322152738058,3.0,0
126,0.00263583637141385,3.0,1
127,0.009393621659938633,3.0,0
127,0.0026633653550716158,3.0,1
128,0.00948474624001329,3.0,0
128,0.002691178790395017,3.0,1
129,0.009576702436009873,3.0,0
129,0.0027192795334232346,3.0,1
130,0.0096694968242675,3.0,0
130,0.002747670467035007,3.0,1
131,0.00976313601423643,3.0,0
131,0.002776354501164799,3.0,1
132,0.00985762664829011,3.0,0
132,0.0028053345730200837,3.0,1
133,0.009952975401529222,3.0,0
133,0.0028346136472996997,3.0,1
134,0.010049188981577771,3.0,0
134,0.002864194716413289,3.0,1
135,0.010146274128370951,3.0,0
135,0.002894080800701825,3.0,1
136,0.010244237613934875,3.0,0
136,0.0029242749486591973,3.0,1
137,0.010343086242157936,3.0,0
137,0.002954780237154859,3.0,1
138,0.010442826848553815,3.0,0
138,0.0029855997716575415,3.0,1
139,0.010543466300015944,3.0,0
139,0.0030167366864600146,3.0,1
140,0.010645011494563499,3.0,0
140,0.0030481941449048743,3.0,1
141,0.01074746936107862,3.0,0
141,0.0030799753396113932,3.0,1
142,0.010850846859034972,3.0,0
142,0.003112083492703376,3.0,1
143,0.010955150978217476,3.0,0
143,0.0031445218560380377,3.0,1
144,0.011060388738433114,3.0,0
144,0.0031772937114359005,3.0,1
145,0.011166567189212774,3.0,0
145,0.0032104023709116918,3.0,1
146,0.01127369340950403,3.0,0
146,0.0032438511769062152,3.0,1
147,0.011381774507354798,3.0,0
147,0.003277643502519254,3.0,1
148,0.011490817619587803,3.0,0
148,0.0033117827517433894,3.0,1
149,0.01160082991146574,3.0,0
149,0.003346272359698831,3.0,1
150,0.011711818576347077,3.0,0
150,0.0033811157928691888,3.0,1
151,0.011823790835332524,3.0,0
151,0.0034163165493381773,3.0,1
152,0.011936753936901929,3.0,0
152,0.0034518781590272816,3.0,1
153,0.01205071515654168,3.0,0
153,0.0034878041839343284,3.0,1
154,0.012165681796362513,3.0,0
154,0.0035240982183729797,3.0,1
155,0.012281661184707606,3.0,0
155,0.003560763889213125,3.0,1
156,0.012398660675751022,3.0,0
156,0.003597804856122173,3.0,1
157,0.012516687649086337,3.0,0
157,0.0036352248118072155,3.0,1
158,0.012635749509305447,3.0,0
158,0.0036730274822580583,3.0,1
159,0.012755853685567514,3.0,0
159,0.0037112166269911173,3.0,1
160,0.01287700763115797,3.0,0
160,0.003749796039294145,3.0,1
161,0.012999218823037622,3.0,0
161,0.003788769546471801,3.0,1
162,0.01312249476138165,3.0,0
162,0.0038281410100920277,3.0,1
163,0.013246842969108686,3.0,0
163,0.003867914326233221,3.0,1
164,0.01337227099139969,3.0,0
164,0.003908093425732217,3.0,1
165,0.013498786395206843,3.0,0
165,0.003948682274433038,3.0,1
166,0.013626396768752236,3.0,0
166,0.003989684873436381,3.0,1
167,0.013755109721016387,3.0,0
167,0.004031105259349889,3.0,1
168,0.013884932881216642,3.0,0
168,0.004072947504539115,3.0,1
169,0.014015873898275294,3.0,0
169,0.00411521571737923,3.0,1
170,0.01414794044027758,3.0,0
170,0.004157914042507414,3.0,1
171,0.01428114019391938,3.0,0
171,0.004201046661075922,3.0,1
172,0.014415480863944697,3.0,0
172,0.004244617791005837,3.0,1
173,0.014550970172572921,3.0,0
173,0.004288631687241451,3.0,1
174,0.014687615858915853,3.0,0
174,0.004333092642005283,3.0,1
175,0.014825425678384465,3.0,0
175,0.004378004985053717,3.0,1
176,0.014964407402085456,3.0,0
176,0.004423373083933231,3.0,1
177,0.015104568816207595,3.0,0
177,0.004469201344237175,3.0,1
178,0.015245917721397823,3.0,0
178,0.0045154942098631625,3.0,1
179,0.015388461932127251,3.0,0
179,0.0045622561632709365,3.0,1
180,0.015532209276046892,3.0,0
180,0.004609491725740798,3.0,1
181,0.015677167593333353,3.0,0
181,0.0046572054576325085,3.0,1
182,0.01582334473602436,3.0,0
182,0.004705401958644666,3.0,1
183,0.01597074856734428,3.0,0
183,0.004754085868074551,3.0,1
184,0.01611938696101953,3.0,0
184,0.004803261865078392,3.0,1
185,0.01626926780058407,3.0,0
185,0.004852934668932037,3.0,1
186,0.016420398978674974,3.0,0
186,0.004903109039292032,3.0,1
187,0.01657278839631803,3.0,0
187,0.004953789776457033,3.0,1
188,0.016726443962203602,3.0,0
188,0.005004981721629574,3.0,1
189,0.016881373591952707,3.0,0
189,0.0050566897571781635,3.0,1
190,0.017037585207373328,3.0,0
190,0.005108918806899635,3.0,1
191,0.01719508673570723,3.0,0
191,0.005161673836281794,3.0,1
192,0.017353886108867046,3.0,0
192,0.005214959852766276,3.0,1
193,0.0175139912626641,3.0,0
193,0.005268781906011636,3.0,1
194,0.017675410136026623,3.0,0
194,0.00532314508815662,3.0,1
195,0.01783815067020884,3.0,0
195,0.005378054534083563,3.0,1
196,0.01800222080799073,3.0,0
196,0.005433515421681939,3.0,1
197,0.018167628492868734,3.0,0
197,0.005489532972112016,3.0,1
198,0.01833438166823744,3.0,0
198,0.005546112450068531,3.0,1
199,0.01850248827656237,3.0,0
199,0.005603259164044455,3.0,1
200,0.018671956258543922,3.0,0
200,0.00566097846659471,3.0,1
201,0.018842793552272724,3.0,0
201,0.005719275754599902,3.0,1
202,0.01901500809237633,3.0,0
202,0.005778156469529948,3.0,1
203,0.019188607809157585,3.0,0
203,0.005837626097707628,3.0,1
204,0.01936360062772454,3.0,0
204,0.005897690170572001,3.0,1
205,0.019539994467112392,3.0,0
205,0.0059583542649416545,3.0,1
206,0.01971779723939717,3.0,0
206,0.006019624003277728,3.0,1
207,0.01989701684880169,3.0,0
207,0.006081505053946718,3.0,1
208,0.020077661190793687,3.0,0
208,0.006144003131482973,3.0,1
209,0.02025973815117637,3.0,0
209,0.006207123996850894,3.0,1
210,0.020443255605171493,3.0,0
210,0.00627087345770674,3.0,1
211,0.020628221416495177,3.0,0
211,0.0063352573686600465,3.0,1
212,0.020814643436426646,3.0,0
212,0.006400281631534578,3.0,1
213,0.02100252950286988,3.0,0
213,0.006465952195628818,3.0,1
214,0.021191887439408558,3.0,0
214,0.006532275057975861,3.0,1
215,0.02138272505435447,3.0,0
215,0.006599256263602774,3.0,1
216,0.021575050139789265,3.0,0
216,0.006666901905789296,3.0,1
217,0.021768870470600186,3.0,0
217,0.006735218126325847,3.0,1
218,0.021964193803509526,3.0,0
218,0.006804211115770805,3.0,1
219,0.022161027876098374,3.0,0
219,0.006873887113707012,3.0,1
220,0.02235938040582453,3.0,0
220,0.006944252408997407,3.0,1
221,0.022559259089034965,3.0,0
221,0.007015313340039792,3.0,1
222,0.02276067159997302,3.0,0
222,0.007087076295020606,3.0,1
223,0.02296362558978043,3.0,0
223,0.007159547712167745,3.0,1
224,0.02316812868549451,3.0,0
224,0.007232734080002222,3.0,1
225,0.023374188489040607,3.0,0
225,0.0073066419375887905,3.0,1
226,0.023581812576220062,3.0,0
226,0.007381277874785281,3.0,1
227,0.023791008495693933,3.0,0
227,0.007456648532490751,3.0,1
228,0.02400178376796264,3.0,0
228,0.007532760602892224,3.0,1
229,0.024214145884341728,3.0,0
229,0.00760962082971011,3.0,1
230,0.024428102305934084,3.0,0
230,0.007687236008442079,3.0,1
231,0.024643660462598617,3.0,0
231,0.007765612986605442,3.0,1
232,0.024860827751915875,3.0,0
232,0.0078447586639779,3.0,1
233,0.025079611538150668,3.0,0
233,0.00792467999283657,3.0,1
234,0.025300019151211828,3.0,0
234,0.008005383978195262,3.0,1
235,0.025522057885609694,3.0,0
235,0.008086877678039887,3.0,1
236,0.025745734999410987,3.0,0
236,0.00816916820356191,3.0,1
237,0.02597105771319191,3.0,0
237,0.008252262719389782,3.0,1
238,0.02619803320898932,3.0,0
238,0.008336168443818265,3.0,1
239,0.02642666862925017,3.0,0
239,0.008420892649035507,3.0,1
240,0.02665697107577972,3.0,0
240,0.008506442661347839,3.0,1
241,0.02688894760868861,3.0,0
241,0.008592825861402153,3.0,1
242,0.02712260524533887,3.0,0
242,0.008680049684405784,3.0,1
243,0.02735795095928935,3.0,0
243,0.008768121620343778,3.0,1
244,0.027594991679240736,3.0,0
244,0.008857049214193438,3.0,1
245,0.02783373428798021,3.0,0
245,0.008946840066136063,3.0,1
246,0.028074185621326152,3.0,0
246,0.00903750183176572,3.0,1
247,0.028316352467073154,3.0,0
247,0.009129042222295011,3.0,1
248,0.028560241563937286,3.0,0
248,0.009221469004757612,3.0,1
249,0.02880585960050234,3.0,0
249,0.009314790002207578,3.0,1
250,0.02905321321416661,3.0,0
250,0.009409013093915173,3.0,1
251,0.02930230899009117,3.0,0
251,0.009504146215559194,3.0,1
252,0.02955315346014915,3.0,0
252,0.00960019735941559,3.0,1
253,0.029805753101876848,3.0,0
253,0.00969717457454229,3.0,1
254,0.030060114337426443,3.0,0
254,0.009795085966960031,3.0,1
255,0.030316243532520857,3.0,0
255,0.009893939699829131,3.0,1
256,0.030574146995410608,3.0,0
256,0.009993743993621984,3.0,1
257,0.030833830975833393,3.0,0
257,0.01009450712629117,3.0,1
258,0.031095301663975988,3.0,0
258,0.010196237433432969,3.0,1
259,0.03135856518943913,3.0,0
259,0.010298943308446239,3.0,1
260,0.03162362762020552,3.0,0
260,0.010402633202686331,3.0,1
261,0.03189049496161087,3.0,0
261,0.010507315625613984,3.0,1
262,0.03215917315531847,3.0,0
262,0.010612999144939,3.0,1
263,0.03242966807829747,3.0,0
263,0.010719692386758519,3.0,1
264,0.03270198554180479,3.0,0
264,0.010827404035689697,3.0,1
265,0.03297613129037115,3.0,0
265,0.010936142834996634,3.0,1
266,0.033252111000791326,3.0,0
266,0.011045917586711322,3.0,1
267,0.03352993028111859,3.0,0
267,0.011156737151748421,3.0,1
268,0.03380959466966386,3.0,0
268,0.01126861045001375,3.0,1
269,0.03409110963399946,3.0,0
269,0.011381546460506077,3.0,1
270,0.03437448056996778,3.0,0
270,0.011495554221412317,3.0,1
271,0.034659712800694964,3.0,0
271,0.01161064283019552,3.0,1
272,0.03494681157560979,3.0,0
272,0.011726821443675888,3.0,1
273,0.03523578206946788,3.0,0
273,0.011844099278104094,3.0,1
274,0.03552662938138142,3.0,0
274,0.011962485609227183,3.0,1
275,0.03581935853385449,3.0,0
275,0.012081989772346369,3.0,1
276,0.03611397447182427,3.0,0
276,0.012202621162366822,3.0,1
277,0.036410482061708,3.0,0
277,0.01232438923383893,3.0,1
278,0.036708886090456104,3.0,0
278,0.012447303500991063,3.0,1
279,0.037009191264611434,3.0,0
279,0.012571373537753314,3.0,1
280,0.03731140220937482,3.0,0
280,0.012696608977772104,3.0,1
281,0.03761552346767704,3.0,0
281,0.012823019514415408,3.0,1
282,0.03792155949925731,3.0,0
282,0.012950614900768195,3.0,1
283,0.0382295146797483,3.0,0
283,0.013079404949617915,3.0,1
284,0.03853939329976806,3.0,0
284,0.01320939953342972,3.0,1
285,0.03885119956401867,3.0,0
285,0.01334060858431116,3.0,1
286,0.03916493759039175,3.0,0
286,0.013473042093965921,3.0,1
287,0.03948061140908109,3.0,0
287,0.013606710113636502,3.0,1
288,0.03979822496170229,3.0,0
288,0.013741622754035452,3.0,1
289,0.040117782100419684,3.0,0
289,0.013877790185264673,3.0,1
290,0.040439286587080334,3.0,0
290,0.014015222636722897,3.0,1
291,0.04076274209235547,3.0,0
291,0.014153930397000511,3.0,1
292,0.04108815219488924,3.0,0
292,0.014293923813761829,3.0,1
293,0.041415520380455,3.0,0
293,0.014435213293614182,3.0,1
294,0.04174485004111896,3.0,0
294,0.014577809301963713,3.0,1
295,0.04207614447441139,3.0,0
295,0.014721722362857383,3.0,1
296,0.042409406882505614,3.0,0
296,0.014866963058810894,3.0,1
297,0.04274464037140443,3.0,0
297,0.015013542030622202,3.0,1
298,0.04308184795013419,3.0,0
298,0.015161469977170293,3.0,1
299,0.04342103252994685,3.0,0
299,0.015310757655198742,3.0,1
300,0.04376219692352949,3.0,0
300,0.015461415879083848,3.0,1
301,0.04410534384422177,3.0,0
301,0.015613455520586883,3.0,1
302,0.04445047590524103,3.0,0
302,0.015766887508590063,3.0,1
303,0.044797595618915526,3.0,0
303,0.01592172282881608,3.0,1
304,0.04514670539592507,3.0,0
304,0.016077972523530455,3.0,1
305,0.045497807544549886,3.0,0
305,0.016235647691226665,3.0,1
306,0.04585090426992719,3.0,0
306,0.01639475948629353,3.0,1
307,0.046205997673315624,3.0,0
307,0.016555319118664483,3.0,1
308,0.04656308975136759,3.0,0
308,0.01671733785344832,3.0,1
309,0.046922182395409566,3.0,0
309,0.016880827010541048,3.0,1
310,0.0472832773907302,3.0,0
310,0.017045797964218543,3.0,1
311,0.04764637641587628,3.0,0
311,0.0172122621427095,3.0,1
312,0.04801148104195672,3.0,0
312,0.017380231027748286,3.0,1
313,0.048378592731954384,3.0,0
313,0.01754971615410742,3.0,1
314,0.048747712840045684,3.0,0
314,0.017720729109109226,3.0,1
315,0.04911884261092818,3.0,0
315,0.017893281532116164,3.0,1
316,0.049491983179156034,3.0,0
316,0.01806738511399968,3.0,1
317,0.04986713556848322,3.0,0
317,0.01824305159658694,3.0,1
318,0.05024430069121473,3.0,0
318,0.01842029277208524,3.0,1
319,0.05062347934756551,3.0,0
319,0.018599120482483612,3.0,1
320,0.051004672225027255,3.0,0
320,0.018779546618931223,3.0,1
321,0.05138787989774302,3.0,0
321,0.018961583121092303,3.0,1
322,0.05177310282588971,3.0,0
322,0.01914524197647712,3.0,1
323,0.05216034135506819,3.0,0
323,0.019330535219748587,3.0,1
324,0.05254959571570131,3.0,0
324,0.019517474932004276,3.0,1
325,0.05294086602243984,3.0,0
325,0.01970607324003336,3.0,1
326,0.05333415227357583,3.0,0
326,0.01989634231554811,3.0,1
327,0.05372945435046396,3.0,0
327,0.020088294374389713,3.0,1
328,0.05412677201695073,3.0,0
328,0.02028194167570785,3.0,1
329,0.05452610491881107,3.0,0
329,0.020477296521113943,3.0,1
330,0.05492745258319305,3.0,0
330,0.020674371253807493,3.0,1
331,0.05533081441807013,3.0,0
331,0.02087317825767535,3.0,1
332,0.05573618971170115,3.0,0
332,0.021073729956363484,3.0,1
333,0.0561435776320982,3.0,0
333,0.021276038812321034,3.0,1
334,0.05655297722650208,3.0,0
334,0.021480117325816225,3.0,1
335,0.05696438742086563,3.0,0
335,0.02168597803392391,3.0,1
336,0.05737780701934474,3.0,0
336,0.02189363350948457,3.0,1
337,0.0577932347037972,3.0,0
337,0.02210309636003414,3.0,1
338,0.058210669033289406,3.0,0
338,0.022314379226704907,3.0,1
339,0.05863010844361071,3.0,0
339,0.02252749478309674,3.0,1
340,0.05905155124679569,3.0,0
340,0.022742455734118754,3.0,1
341,0.059474995630654365,3.0,0
341,0.022959274814800958,3.0,1
342,0.05990043965831024,3.0,0
342,0.023177964789075835,3.0,1
343,0.06032788126774614,3.0,0
343,0.023398538448529602,3.0,1
344,0.06075731827135842,3.0,0
344,0.023621008611122804,3.0,1
345,0.06118874835551853,3.0,0
345,0.023845388119880396,3.0,1
346,0.061622169080143355,3.0,0
346,0.024071689841550822,3.0,1
347,0.06205757787827321,3.0,0
347,0.024299926665234218,3.0,1
348,0.06249497205565801,3.0,0
348,0.024530111500979418,3.0,1
349,0.06293434879035194,3.0,0
349,0.024762257278349728,3.0,1
350,0.06337570513231622,3.0,0
350,0.024996376944957488,3.0,1
351,0.0638190380030301,3.0,0
351,0.025232483464967075,3.0,1
352,0.06426434419511083,3.0,0
352,0.025470589817566686,3.0,1
353,0.06471162037194136,3.0,0
353,0.02571070899540842,3.0,1
354,0.06516086306730753,3.0,0
354,0.025952854003017004,3.0,1
355,0.06561206868504307,3.0,0
355,0.026197037855166975,3.0,1
356,0.06606523349868432,3.0,0
356,0.026443273575228438,3.0,1
357,0.06652035365113305,3.0,0
357,0.026691574193481296,3.0,1
358,0.06697742515432886,3.0,0
358,0.026941952745398238,3.0,1
359,0.06743644388893051,3.0,0
359,0.027194422269896257,3.0,1
360,0.06789740560400637,3.0,0
360,0.02744899580755724,3.0,1
361,0.06836030591673459,3.0,0
361,0.02770568639881726,3.0,1
362,0.06882514031211252,3.0,0
362,0.02796450708212502,3.0,1
363,0.06929190414267605,3.0,0
363,0.02822547089206962,3.0,1
364,0.06976059262822835,3.0,0
364,0.028488590857477604,3.0,1
365,0.07023120085557916,3.0,0
365,0.02875387999947982,3.0,1
366,0.07070372377829365,3.0,0
366,0.029021351329547945,3.0,1
367,0.07117815621645195,3.0,0
367,0.029291017847501287,3.0,1
368,0.07165449285641907,3.0,0
368,0.029562892539483902,3.0,1
369,0.07213272825062525,3.0,0
369,0.0298369883759123,3.0,1
370,0.07261285681735745,3.0,0
370,0.03011331830939434,3.0,1
371,0.07309487284056167,3.0,0
371,0.030391895272619228,3.0,1
372,0.07357877046965666,3.0,0
372,0.03067273217621926,3.0,1
373,0.07406454371935867,3.0,0
373,0.030955841906603717,3.0,1
374,0.07455218646951833,3.0,0
374,0.03124123732376497,3.0,1
375,0.07504169246496906,3.0,0
375,0.03152893125905765,3.0,1
376,0.07553305531538762,3.0,0
376,0.03181893651295096,3.0,1
377,0.07602626849516687,3.0,0
377,0.03211126585275481,3.0,1
378,0.07652132534330129,3.0,0
378,0.03240593201032006,3.0,1
379,0.07701821906328489,3.0,0
379,0.03270294767971362,3.0,1
380,0.07751694272302259,3.0,0
380,0.033002325514868494,3.0,1
381,0.07801748925475413,3.0,0
381,0.03330407812720989,3.0,1
382,0.0785198514549924,3.0,0
382,0.03360821808325732,3.0,1
383,0.07902402198447467,3.0,0
383,0.033914757902203635,3.0,1
384,0.07952999336812833,3.0,0
384,0.0342237100534715,3.0,1
385,0.08003775799505071,3.0,0
385,0.034535086954247875,3.0,1
386,0.08054730811850347,3.0,0
386,0.034848900966997,3.0,1
387,0.08105863585592173,3.0,0
387,0.03516516439695268,3.0,1
388,0.08157173318893852,3.0,0
388,0.03548388948959054,3.0,1
389,0.08208659196342415,3.0,0
389,0.035805088428080556,3.0,1
390,0.08260320388954154,3.0,0
390,0.03612877333072098,3.0,1
391,0.08312156054181757,3.0,0
391,0.036454956248354,3.0,1
392,0.08364165335923011,3.0,0
392,0.036783649161763916,3.0,1
393,0.08416347364531207,3.0,0
393,0.03711486397905877,3.0,1
394,0.08468701256827192,3.0,0
394,0.037448612533035566,3.0,1
395,0.08521226116113116,3.0,0
395,0.03778490657853043,3.0,1
396,0.08573921032187959,3.0,0
396,0.038123757789754145,3.0,1
397,0.08626785081364745,3.0,0
397,0.03846517775761345,3.0,1
398,0.08679817326489621,3.0,0
398,0.038809177987019966,3.0,1
399,0.08733016816962705,3.0,0
399,0.03915576989418581,3.0,1
400,0.08786382588760787,3.0,0
400,0.039504964803908395,3.0,1
401,0.08839913664461924,3.0,0
401,0.039856773946843914,3.0,1
402,0.08893609053271896,3.0,0
402,0.04021120845677093,3.0,1
403,0.08947467751052647,3.0,0
403,0.04056827936784468,3.0,1
404,0.09001488740352621,3.0,0
404,0.040927997611842765,3.0,1
405,0.09055670990439113,3.0,0
405,0.04129037401540332,3.0,1
406,0.09110013457332605,3.0,0
406,0.04165541929725603,3.0,1
407,0.09164515083843168,3.0,0
407,0.04202314406544739,3.0,1
408,0.09219174799608877,3.0,0
408,0.042393558814560174,3.0,1
409,0.09273991521136324,3.0,0
409,0.04276667392292894,3.0,1
410,0.09328964151843239,3.0,0
410,0.04314249964985137,3.0,1
411,0.09384091582103225,3.0,0
411,0.04352104613279728,3.0,1
412,0.09439372689292642,3.0,0
412,0.04390232338461511,3.0,1
413,0.09494806337839647,3.0,0
413,0.04428634129073754,3.0,1
414,0.09550391379275429,3.0,0
414,0.044673109606386686,3.0,1
415,0.09606126652287665,3.0,0
415,0.045062637953779634,3.0,1
416,0.09662010982776134,3.0,0
416,0.04545493581933553,3.0,1
417,0.09718043183910632,3.0,0
417,0.04585001255088462,3.0,1
418,0.09774222056191106,3.0,0
418,0.046247877354880555,3.0,1
419,0.09830546387510053,3.0,0
419,0.04664853929361626,3.0,1
420,0.09887014953217181,3.0,0
420,0.0470520072824449,3.0,1
421,0.09943626516186371,3.0,0
421,0.04745829008700638,3.0,1
422,0.10000379826884943,3.0,0
422,0.04786739632046004,3.0,1
423,0.1005727362344519,3.0,0
423,0.048279334440725234,3.0,1
424,0.10114306631738212,3.0,0
424,0.04869411274772979,3.0,1
425,0.10171477565450106,3.0,0
425,0.04911173938066784,3.0,1
426,0.10228785126160428,3.0,0
426,0.0495322223152677,3.0,1
427,0.10286228003422951,3.0,0
427,0.04995556936107068,3.0,1
428,0.10343804874848787,3.0,0
428,0.05038178815872186,3.0,1
429,0.10401514406191735,3.0,0
429,0.05081088617727386,3.0,1
430,0.10459355251436009,3.0,0
430,0.0512428707115041,3.0,1
431,0.10517326052886171,3.0,0
431,0.051677748879247025,3.0,1
432,0.10575425441259427,3.0,0
432,0.05211552761874207,3.0,1
433,0.10633652035780114,3.0,0
433,0.052556213685998214,3.0,1
434,0.10692004444276508,3.0,0
434,0.05299981365217614,3.0,1
435,0.1075048126327981,3.0,0
435,0.05344633390098924,3.0,1
436,0.10809081078125368,3.0,0
436,0.05389578062612417,3.0,1
437,0.1086780246305615,3.0,0
437,0.0543481598286822,3.0,1
438,0.10926643981328274,3.0,0
438,0.05480347731464209,3.0,1
439,0.10985604185318801,3.0,0
439,0.05526173869234602,3.0,1
440,0.11044681616635586,3.0,0
440,0.05572294937000916,3.0,1
441,0.11103874806229244,3.0,0
441,0.05618711455325416,3.0,1
442,0.11163182274507123,3.0,0
442,0.05665423924267153,3.0,1
443,0.11222602531449408,3.0,0
443,0.05712432823140749,3.0,1
444,0.11282134076727075,3.0,0
444,0.057597386102779445,3.0,1
445,0.11341775399821906,3.0,0
445,0.05807341722792099,3.0,1
446,0.11401524980148346,3.0,0
446,0.05855242576345758,3.0,1
447,0.1146138128717724,3.0,0
447,0.05903441564921322,3.0,1
448,0.11521342780561392,3.0,0
448,0.05951939060595032,3.0,1
449,0.11581407910262875,3.0,0
449,0.060007354133143107,3.0,1
450,0.11641575116682099,3.0,0
450,0.06049830950678615,3.0,1
451,0.11701842830788492,3.0,0
451,0.06099225977723902,3.0,1
452,0.11762209474252826,3.0,0
452,0.06148920776710832,3.0,1
453,0.11822673459581118,3.0,0
453,0.06198915606916823,3.0,1
454,0.11883233190249967,3.0,0
454,0.062492107044320504,3.0,1
455,0.11943887060843421,3.0,0
455,0.06299806281959582,3.0,1
456,0.12004633457191138,3.0,0
456,0.06350702528619676,3.0,1
457,0.1206547075650791,3.0,0
457,0.06401899609758405,3.0,1
458,0.12126397327534429,3.0,0
458,0.0645339766676073,3.0,1
459,0.12187411530679243,3.0,0
459,0.06505196816868125,3.0,1
460,0.12248511718161824,3.0,0
460,0.0655729715300089,3.0,1
461,0.12309696234156686,3.0,0
461,0.066096987435852,3.0,1
462,0.12370963414938493,3.0,0
462,0.06662401632385094,3.0,1
463,0.12432311589028078,3.0,0
463,0.06715405838339483,3.0,1
464,0.12493739077339282,3.0,0
464,0.06768711355404229,3.0,1
465,0.1255524419332661,3.0,0
465,0.06822318152399509,3.0,1
466,0.12616825243133523,3.0,0
466,0.06876226172862471,3.0,1
467,0.12678480525741384,3.0,0
467,0.06930435334905344,3.0,1
468,0.12740208333118958,3.0,0
468,0.06984945531079126,3.0,1
469,0.12802006950372385,3.0,0
469,0.07039756628242824,3.0,1
470,0.1286387465589554,3.0,0
470,0.07094868467438534,3.0,1
471,0.12925809721520712,3.0,0
471,0.07150280863772263,3.0,1
472,0.12987810412669626,3.0,0
472,0.07205993606300719,3.0,1
473,0.13049874988504492,3.0,0
473,0.07262006457924088,3.0,1
474,0.13112001702079332,3.0,0
474,0.07318319155284891,3.0,1
475,0.131741888004912,3.0,0
475,0.07374931408673013,3.0,1
476,0.13236434525031487,3.0,0
476,0.07431842901936958,3.0,1
477,0.13298737111337042,3.0,0
477,0.07489053292401415,3.0,1
478,0.13361094789541172,3.0,0
478,0.075465622107912,3.0,1
479,0.13423505784424347,3.0,0
479,0.07604369261161593,3.0,1
480,0.13485968315564706,3.0,0
480,0.07662474020835226,3.0,1
481,0.13548480597488075,3.0,0
481,0.07720876040345448,3.0,1
482,0.13611040839817606,3.0,0
482,0.07779574843386274,3.0,1
483,0.13673647247422963,3.0,0
483,0.07838569926769004,3.0,1
484,0.13736298020568885,3.0,0
484,0.07897860760385444,3.0,1
485,0.13798991355063192,3.0,0
485,0.07957446787177835,3.0,1
486,0.13861725442404135,3.0,0
486,0.08017327423115528,3.0,1
487,0.13924498469926982,3.0,0
487,0.080775020571783,3.0,1
488,0.13987308620949912,3.0,0
488,0.08137970051346541,3.0,1
489,0.1405015407491904,3.0,0
489,0.08198730740598073,3.0,1
490,0.14113033007552653,3.0,0
490,0.08259783432911845,3.0,1
491,0.141759435909845,3.0,0
491,0.08321127409278282,3.0,1
492,0.1423888399390617,3.0,0
492,0.08382761923716486,3.0,1
493,0.14301852381708566,3.0,0
493,0.08444686203298117,3.0,1
494,0.14364846916622281,3.0,0
494,0.08506899448178029,3.0,1
495,0.14427865757857047,3.0,0
495,0.08569400831631648,3.0,1
496,0.14490907061740096,3.0,0
496,0.0863218950009897,3.0,1
497,0.14553968981853452,3.0,0
497,0.08695264573235315,3.0,1
498,0.14617049669170187,3.0,0
498,0.08758625143968643,3.0,1
499,0.14680147272189523,3.0,0
499,0.08822270278563486,3.0,1
500,0.14743259937070882,3.0,0
500,0.0888619901669147,3.0,1
501,0.14806385807766806,3.0,0
501,0.0895041037150831,3.0,1
502,0.1486952302615476,3.0,0
502,0.09014903329737313,3.0,1
503,0.14932669732167808,3.0,0
503,0.09079676851759316,3.0,1
504,0.14995824063924285,3.0,0
504,0.09144729871708954,3.0,1
505,0.1505898415785624,3.0,0
505,0.09210061297577289,3.0,1
506,0.15122148148836873,3.0,0
506,0.0927567001132072,3.0,1
507,0.15185314170306938,3.0,0
507,0.09341554868976065,3.0,1
508,0.15248480354400018,3.0,0
508,0.09407714700781837,3.0,1
509,0.1531164483206689,3.0,0
509,0.09474148311305568,3.0,1
510,0.15374805733198793,3.0,0
510,0.09540854479577235,3.0,1
511,0.15437961186749846,3.0,0
511,0.09607831959228574,3.0,1
512,0.15501109320858475,3.0,0
512,0.09675079478638347,3.0,1
513,0.15564248262967978,3.0,0
513,0.09742595741083447,3.0,1
514,0.15627376139946303,3.0,0
514,0.09810379424895713,3.0,1
515,0.15690491078204938,3.0,0
515,0.09878429183624543,3.0,1
516,0.15753591203817177,3.0,0
516,0.0994674364620507,3.0,1
517,0.15816674642635625,3.0,0
517,0.10015321417131894,3.0,1
518,0.1587973952040908,3.0,0
518,0.10084161076638347,3.0,1
519,0.15942783962898902,3.0,0
519,0.1015326118088116,3.0,1
520,0.16005806095994768,3.0,0
520,0.10222620262130416,3.0,1
521,0.16068804045830087,3.0,0
521,0.10292236828964878,3.0,1
522,0.16131775938897042,3.0,0
522,0.10362109366472402,3.0,1
523,0.16194719902161206,3.0,0
523,0.10432236336455526,3.0,1
524,0.16257634063176046,3.0,0
524,0.10502616177642027,3.0,1
525,0.16320516550197212,3.0,0
525,0.10573247305900488,3.0,1
526,0.16383365492296798,3.0,0
526,0.10644128114460688,3.0,1
527,0.16446179019477492,3.0,0
527,0.10715256974138736,3.0,1
528,0.16508955262786912,3.0,0
528,0.10786632233566953,3.0,1
529,0.16571692354432038,3.0,0
529,0.10858252219428241,3.0,1
530,0.16634388427893906,3.0,0
530,0.10930115236695043,3.0,1
531,0.16697041618042593,3.0,0
531,0.11002219568872552,3.0,1
532,0.1675965006125264,3.0,0
532,0.11074563478246308,3.0,1
533,0.16822211895518946,3.0,0
533,0.11147145206133857,3.0,1
534,0.16884725260573255,3.0,0
534,0.11219962973140525,3.0,1
535,0.16947188298001287,3.0,0
535,0.11293014979419018,3.0,1
536,0.17009599151360585,3.0,0
536,0.11366299404932842,3.0,1
537,0.17071955966299288,3.0,0
537,0.11439814409723403,3.0,1
538,0.17134256890675686,3.0,0
538,0.11513558134180492,3.0,1
539,0.1719650007467892,3.0,0
539,0.11587528699316212,3.0,1
540,0.17258683670950603,3.0,0
540,0.11661724207042014,3.0,1
541,0.17320805834707761,3.0,0
541,0.11736142740448802,3.0,1
542,0.1738286472386692,3.0,0
542,0.118107823640898,3.0,1
543,0.17444858499169516,3.0,0
543,0.11885641124266094,3.0,1
544,0.17506785324308802,3.0,0
544,0.1196071704931465,3.0,1
545,0.17568643366058098,3.0,0
545,0.12036008149898512,3.0,1
546,0.17630430794400706,3.0,0
546,0.12111512419299082,3.0,1
547,0.17692145782661356,3.0,0
547,0.1218722783371015,3.0,1
548,0.1775378650763943,3.0,0
548,0.12263152352533555,3.0,1
549,0.17815351149743872,3.0,0
549,0.12339283918676111,3.0,1
550,0.17876837893129935,3.0,0
550,0.1241562045884765,3.0,1
551,0.1793824492583783,3.0,0
551,0.12492159883859828,3.0,1
552,0.1799957043993332,3.0,0
552,0.12568900088925575,3.0,1
553,0.18060812631650233,3.0,0
553,0.12645838953958635,3.0,1
554,0.1812196970153507,3.0,0
554,0.12722974343873267,3.0,1
555,0.18183039854593738,3.0,0
555,0.128003041088835,3.0,1
556,0.18244021300440308,3.0,0
556,0.1287782608480182,3.0,1
557,0.18304912253447983,3.0,0
557,0.12955538093336888,3.0,1
558,0.18365710932902338,3.0,0
558,0.13033437942390103,3.0,1
559,0.18426415563156645,3.0,0
559,0.1311152342635042,3.0,1
560,0.18487024373789596,3.0,0
560,0.13189792326387484,3.0,1
561,0.18547535599765155,3.0,0
561,0.1326824241074241,3.0,1
562,0.18607947481594875,3.0,0
562,0.13346871435016044,3.0,1
563,0.18668258265502305,3.0,0
563,0.13425677142454384,3.0,1
564,0.18728466203589872,3.0,0
564,0.1350465726423073,3.0,1
565,0.1878856955400802,3.0,0
565,0.13583809519724308,3.0,1
566,0.18848566581126594,3.0,0
566,0.13663131616795066,3.0,1
567,0.18908455555708614,3.0,0
567,0.137426212520542,3.0,1
568,0.189682347550862,3.0,0
568,0.13822276111130216,3.0,1
569,0.19027902463338925,3.0,0
569,0.1390209386893014,3.0,1
570,0.19087456971474245,3.0,0
570,0.13982072189895559,3.0,1
571,0.19146896577610245,3.0,0
571,0.14062208728253262,3.0,1
572,0.1920621958716043,3.0,0
572,0.1414250112826017,3.0,1
573,0.19265424313020826,3.0,0
573,0.1422294702444216,3.0,1
574,0.19324509075758975,3.0,0
574,0.14303544041826755,3.0,1
575,0.1938347220380509,3.0,0
575,0.1438428979616918,3.0,1
576,0.19442312033645145,3.0,0
576,0.14465181894171755,3.0,1
577,0.1950102691001584,3.0,0
577,0.14546217933696257,3.0,1
578,0.19559615186101464,3.0,0
578,0.14627395503969168,3.0,1
579,0.1961807522373258,3.0,0
579,0.1470871218577954,3.0,1
580,0.19676405393586258,3.0,0
580,0.14790165551669401,3.0,1
581,0.19734604075388085,3.0,0
581,0.14871753166116514,3.0,1
582,0.1979266965811559,3.0,0
582,0.14953472585709385,3.0,1
583,0.19850600540203225,3.0,0
583,0.1503532135931449,3.0,1
584,0.19908395129748568,3.0,0
584,0.15117297028235574,3.0,1
585,0.1996605184471984,3.0,0
585,0.15199397126365052,3.0,1
586,0.20023569113164605,3.0,0
586,0.1528161918032752,3.0,1
587,0.20080945373419365,3.0,0
587,0.15363960709615293,3.0,1
588,0.20138179074320242,3.0,0
588,0.1544641922671622,3.0,1
589,0.20195268675414313,3.0,0
589,0.15528992237233602,3.0,1
590,0.20252212647171738,3.0,0
590,0.15611677239998548,3.0,1
591,0.20309009471198397,3.0,0
591,0.1569447172717481,3.0,1
592,0.2036565764044893,3.0,0
592,0.15777373184356194,3.0,1
593,0.20422155659440133,3.0,0
593,0.1586037909065702,3.0,1
594,0.2047850204446453,3.0,0
594,0.15943486918795416,3.0,1
595,0.20534695323803878,3.0,0
595,0.16026694135170202,3.0,1
596,0.2059073403794263,3.0,0
596,0.16109998199931255,3.0,1
597,0.20646616739781187,3.0,0
597,0.16193396567043938,3.0,1
598,0.20702341994848672,3.0,0
598,0.16276886684347755,3.0,1
599,0.20757908381515214,3.0,0
599,0.1636046599360976,3.0,1
600,0.208133144912035,3.0,0
600,0.16444131930572994,3.0,1
601,0.20868558928599512,3.0,0
601,0.16527881925000493,3.0,1
602,0.20923640311862307,3.0,0
602,0.16611713400715164,3.0,1
603,0.20978557272832574,3.0,0
603,0.16695623775636206,3.0,1
604,0.2103330845724,3.0,0
604,0.1677961046181241,3.0,1
605,0.2108789252490904,3.0,0
605,0.1686367086545286,3.0,1
606,0.21142308149963263,3.0,0
606,0.16947802386955735,3.0,1
607,0.21196554021027791,3.0,0
607,0.1703200242093554,3.0,1
608,0.21250628841429922,3.0,0
608,0.17116268356249503,3.0,1
609,0.21304531329397608,3.0,0
609,0.17200597576023607,3.0,1
610,0.21358260218255848,3.0,0
610,0.17284987457679016,3.0,1
611,0.21411814256620448,3.0,0
611,0.17369435372959216,3.0,1
612,0.21465192208589656,3.0,0
612,0.17453938687958803,3.0,1
613,0.2151839285393271,3.0,0
613,0.17538494763154266,3.0,1
614,0.21571414988275858,3.0,0
614,0.17623100953437656,3.0,1
615,0.2162425742328523,3.0,0
615,0.17707754608153395,3.0,1
616,0.21676918986846783,3.0,0
616,0.17792453071139253,3.0,1
617,0.21729398523242727,3.0,0
617,0.17877193680771863,3.0,1
618,0.2178169489332483,3.0,0
618,0.17961973770017395,3.0,1
619,0.2183380697468398,3.0,0
619,0.18046790666488086,3.0,1
620,0.2188573366181618,3.0,0
620,0.18131641692505218,3.0,1
621,0.21937473866284712,3.0,0
621,0.1821652416516911,3.0,1
622,0.2198902651687833,3.0,0
622,0.18301435396436536,3.0,1
623,0.22040390559765488,3.0,0
623,0.18386372693206546,3.0,1
624,0.22091564958644258,3.0,0
624,0.1847133335741472,3.0,1
625,0.2214254869488808,3.0,0
625,0.1855631468613682,3.0,1
626,0.22193340767686942,3.0,0
626,0.1864131397170201,3.0,1
627,0.22243940194184184,3.0,0
627,0.18726328501816347,3.0,1
628,0.22294346009608557,3.0,0
628,0.18811355559696938,3.0,1
629,0.22344557267401627,3.0,0
629,0.18896392424217137,3.0,1
630,0.22394573039340204,3.0,0
630,0.1898143637006322,3.0,1
631,0.2244439241565407,3.0,0
631,0.19066484667903016,3.0,1
632,0.22494014505138415,3.0,0
632,0.1915153458456663,3.0,1
633,0.2254343843526144,3.0,0
633,0.19236583383239825,3.0,1
634,0.22592663352266493,3.0,0
634,0.19321628323670165,3.0,1
635,0.2264168842126923,3.0,0
635,0.1940666666238621,3.0,1
636,0.22690512826349213,3.0,0
636,0.1949169565293009,3.0,1
637,0.22739135770636276,3.0,0
637,0.19576712546103545,3.0,1
638,0.2278755647639138,3.0,0
638,0.1966171459022754,3.0,1
639,0.22835774185081917,3.0,0
639,0.19746699031415751,3.0,1
640,0.22883788157451526,3.0,0
640,0.19831663113861872,3.0,1
641,0.2293159767358432,3.0,0
641,0.1991660408014083,3.0,1
642,0.22979202032963378,3.0,0
642,0.20001519171523874,3.0,1
643,0.23026600554523743,3.0,0
643,0.2008640562830768,3.0,1
644,0.23073792576699462,3.0,0
644,0.20171260690157206,3.0,1
645,0.23120777457465225,3.0,0
645,0.20256081596462436,3.0,1
646,0.23167554574371949,3.0,0
646,0.20340865586708629,3.0,1
647,0.23214123324576938,3.0,0
647,0.20425609900860262,3.0,1
648,0.23260483124867967,3.0,0
648,0.2051031177975814,3.0,1
649,0.23306633411681824,3.0,0
649,0.2059496846552964,3.0,1
650,0.23352573641117072,3.0,0
650,0.20679577202011973,3.0,1
651,0.23398303288940972,3.0,0
651,0.20764135235187806,3.0,1
652,0.23443821850590793,3.0,0
652,0.20848639813633268,3.0,1
653,0.23489128841169343,3.0,0
653,0.20933088188978083,3.0,1
654,0.2353422379543482,3.0,0
654,0.21017477616376962,3.0,1
655,0.23579106267784994,3.0,0
655,0.21101805354992492,3.0,1
656,0.23623775832235894,3.0,0
656,0.21186068668488767,3.0,1
657,0.2366823208239467,3.0,0
657,0.212702648255353,3.0,1
658,0.2371247463142714,3.0,0
658,0.2135439110032104,3.0,1
659,0.23756503112019697,3.0,0
659,0.2143844477307769,3.0,1
660,0.2380031717633583,3.0,0
660,0.21522423130612103,3.0,1
661,0.23843916495967288,3.0,0
661,0.2160632346684713,3.0,1
662,0.23887300761879765,3.0,0
662,0.21690143083370386,3.0,1
663,0.23930469684353567,3.0,0
663,0.2177387928999046,3.0,1
664,0.23973422992918786,3.0,0
664,0.21857529405299964,3.0,1
665,0.24016160436285605,3.0,0
665,0.21941090757244872,3.0,1
666,0.2405868178226938,3.0,0
666,0.22024560683699687,3.0,1
667,0.2410098681771079,3.0,0
667,0.2210793653304763,3.0,1
668,0.2414307534839112,3.0,0
668,0.22191215664765426,3.0,1
669,0.24184947198942702,3.0,0
669,0.22274395450012174,3.0,1
670,0.24226602212754628,3.0,0
670,0.22357473272221437,3.0,1
671,0.24268040251873788,3.0,0
671,0.22440446527696176,3.0,1
672,0.24309261196901485,3.0,0
672,0.22523312626205869,3.0,1
673,0.24350264946885436,3.0,0
673,0.22606068991585143,3.0,1
674,0.2439105141920753,3.0,0
674,0.22688713062333382,3.0,1
675,0.2443162054946726,3.0,0
675,0.2277124229221468,3.0,1
676,0.24471972291361094,3.0,0
676,0.2285365415085754,3.0,1
677,0.24512106616557638,3.0,0
677,0.22935946124353734,3.0,1
678,0.24552023514569069,3.0,0
678,0.23018115715855647,3.0,1
679,0.2459172299261839,3.0,0
679,0.23100160446171686,3.0,1
680,0.24631205075503385,3.0,0
680,0.2318207785435889,3.0,1
681,0.24670469805456516,3.0,0
681,0.23263865498312528,3.0,1
682,0.24709517242001622,3.0,0
682,0.23345520955351662,3.0,1
683,0.24748347461806974,3.0,0
683,0.23427041822800646,3.0,1
684,0.24786960558535276,3.0,0
684,0.23508425718565398,3.0,1
685,0.24825356642690152,3.0,0
685,0.235896702817045,3.0,1
686,0.24863535841459908,3.0,0
686,0.2367077317299396,3.0,1
687,0.2490149829855805,3.0,0
687,0.23751732075485815,3.0,1
688,0.2493924417406114,3.0,0
688,0.23832544695059293,3.0,1
689,0.2497677364424381,3.0,0
689,0.23913208760964688,3.0,1
690,0.25014086901411153,3.0,0
690,0.23993722026358988,3.0,1
691,0.2505118415372869,3.0,0
691,0.2407408226883301,3.0,1
692,0.25088065625049794,3.0,0
692,0.2415428729092942,3.0,1
693,0.2512473155474096,3.0,0
693,0.24234334920651346,3.0,1
694,0.2516118219750486,3.0,0
694,0.2431422301196093,3.0,1
695,0.2519741782320121,3.0,0
695,0.24393949445267457,3.0,1
696,0.25233438716665896,3.0,0
696,0.2447351212790468,3.0,1
697,0.2526924517752806,3.0,0
697,0.2455290899459689,3.0,1
698,0.2530483752002554,3.0,0
698,0.24632138007913248,3.0,1
699,0.253402160728187,3.0,0
699,0.2471119715871007,3.0,1
700,0.25375381178802614,3.0,0
700,0.2479008446656061,3.0,1
701,0.2541033319491798,3.0,0
701,0.24868797980172208,3.0,1
702,0.254450724919606,3.0,0
702,0.24947335777789933,3.0,1
703,0.2547959945438972,3.0,0
703,0.25025695967586925,3.0,1
704,0.2551391448013516,3.0,0
704,0.2510387668804087,3.0,1
705,0.25548017980403576,3.0,0
705,0.251818761082961,3.0,1
706,0.25581910379483686,3.0,0
706,0.2525969242851145,3.0,1
707,0.2561559211455068,3.0,0
707,0.2533732388019312,3.0,1
708,0.25649063635469943,3.0,0
708,0.2541476872651261,3.0,1
709,0.2568232540460025,3.0,0
709,0.2549202526260919,3.0,1
710,0.25715377896596114,3.0,0
710,0.2556909181587694,3.0,1
711,0.2574822159821007,3.0,0
711,0.2564596674623578,3.0,1
712,0.2578085700809427,3.0,0
712,0.2572264844638657,3.0,1
713,0.25813284636602,3.0,0
713,0.25799135342049906,3.0,1
714,0.25845505005588953,3.0,0
714,0.25875425892188386,3.0,1
715,0.2587751864821432,3.0,0
715,0.2595151858921227,3.0,1
716,0.2590932610874201,3.0,0
716,0.260274119591683,3.0,1
717,0.25940927942341735,3.0,0
717,0.2610310456191148,3.0,1
718,0.2597232471489034,3.0,0
718,0.2617859499125979,3.0,1
719,0.2600351700277331,3.0,0
719,0.2625388187513155,3.0,1
720,0.26034505392686536,3.0,0
720,0.2632896387566548,3.0,1
721,0.2606529048143848,3.0,0
721,0.2640383968932316,3.0,1
722,0.2609587287575261,3.0,0
722,0.2647850804697409,3.0,1
723,0.2612625319207053,3.0,0
723,0.2655296771396287,3.0,1
724,0.26156432056355405,3.0,0
724,0.2662721749015891,3.0,1
725,0.26186410103896307,3.0,0
725,0.26701256209988233,3.0,1
726,0.2621618797911285,3.0,0
726,0.2677508274244753,3.0,1
727,0.2624576633536092,3.0,0
727,0.26848695991100574,3.0,1
728,0.26275145834738944,3.0,0
728,0.2692209489405658,3.0,1
729,0.2630432714789511,3.0,0
729,0.26995278423931063,3.0,1
730,0.2633331095383544,3.0,0
730,0.2706824558778884,3.0,1
731,0.26362097939732854,3.0,0
731,0.2714099542706936,3.0,1
732,0.2639068880073716,3.0,0
732,0.2721352701749444,3.0,1
733,0.2641908423978615,3.0,0
733,0.27285839468958495,3.0,1
734,0.26447284967417783,3.0,0
734,0.2735793192540131,3.0,1
735,0.2647529170158346,3.0,0
735,0.27429803564663413,3.0,1
736,0.26503105167462504,3.0,0
736,0.2750145359832443,3.0,1
737,0.2653072609727783,3.0,0
737,0.2757288127152428,3.0,1
738,0.2655815523011293,3.0,0
738,0.27644085862767453,3.0,1
739,0.2658539331173014,3.0,0
739,0.2771506668371064,3.0,1
740,0.2661244109439011,3.0,0
740,0.2778582307893382,3.0,1
741,0.2663929933667283,3.0,0
741,0.278563544256951,3.0,1
742,0.26665968803299933,3.0,0
742,0.279266601336693,3.0,1
743,0.2669245026495844,3.0,0
743,0.2799673964467082,3.0,1
744,0.26718744498126007,3.0,0
744,0.2806659243236092,3.0,1
745,0.26744852284897563,3.0,0
745,0.28136218001939467,3.0,1
746,0.2677077441281357,3.0,0
746,0.2820561588982189,3.0,1
747,0.2679651167468974,3.0,0
747,0.28274785663301144,3.0,1
748,0.2682206486844835,3.0,0
748,0.2834372692019537,3.0,1
749,0.26847434796951114,3.0,0
749,0.28412439288481345,3.0,1
750,0.2687262226783367,3.0,0
750,0.28480922425914124,3.0,1
751,0.2689762809334167,3.0,0
751,0.2854917601963331,3.0,1
752,0.26922453090168547,3.0,0
752,0.2861719978575616,3.0,1
753,0.26947098079294923,3.0,0
753,0.2868499346895798,3.0,1
754,0.2697156388582962,3.0,0
754,0.28752556842040294,3.0,1
755,0.26995851338852506,3.0,0
755,0.28819889705486906,3.0,1
756,0.27019961271258874,3.0,0
756,0.2888699188700862,3.0,1
757,0.27043894519605727,3.0,0
757,0.289538632410767,3.0,1
758,0.270676519239595,3.0,0
758,0.2902050364844581,3.0,1
759,0.2709123432774588,3.0,0
759,0.29086913015666593,3.0,1
760,0.27114642577601067,3.0,0
760,0.291530912745885,3.0,1
761,0.27137877523224924,3.0,0
761,0.2921903838185333,3.0,1
762,0.27160940017235913,3.0,0
762,0.2928475431837988,3.0,1
763,0.27183830915027674,3.0,0
763,0.29350239088840213,3.0,1
764,0.2720655107462749,3.0,0
764,0.29415492721127945,3.0,1
765,0.2722910135655652,3.0,0
765,0.2948051526581931,3.0,1
766,0.27251482623691714,3.0,0
766,0.2954530679562707,3.0,1
767,0.27273695741129605,3.0,0
767,0.29609867404848134,3.0,1
768,0.2729574157605192,3.0,0
768,0.2967419720880528,3.0,1
769,0.2731762099759279,3.0,0
769,0.2973829634328339,3.0,1
770,0.2733933487670797,3.0,0
770,0.29802164963960814,3.0,1
771,0.2736088408604577,3.0,0
771,0.2986580324583645,3.0,1
772,0.2738226949981966,3.0,0
772,0.29929211382652804,3.0,1
773,0.27403491993682844,3.0,0
773,0.29992389586316,3.0,1
774,0.2742455244460445,3.0,0
774,0.3005533808631263,3.0,1
775,0.27445451730747694,3.0,0
775,0.3011805712912464,3.0,1
776,0.27466190731349566,3.0,0
776,0.3018054697764237,3.0,1
777,0.2748677032660252,3.0,0
777,0.3024280791057635,3.0,1
778,0.2750719139753788,3.0,0
778,0.30304840221868445,3.0,1
779,0.2752745482591088,3.0,0
779,0.3036664422010288,3.0,1
780,0.2754756149408766,3.0,0
780,0.304282202279176,3.0,1
781,0.2756751228493384,3.0,0
781,0.3048956858141654,3.0,1
782,0.27587308081705003,3.0,0
782,0.3055068962958335,3.0,1
783,0.27606949767938777,3.0,0
783,0.30611583733696995,3.0,1
784,0.2762643822734875,3.0,0
784,0.3067225126674996,3.0,1
785,0.2764577434372006,3.0,0
785,0.3073269261286924,3.0,1
786,0.27664959000806755,3.0,0
786,0.30792908166740973,3.0,1
787,0.2768399308223078,3.0,0
787,0.3085289833303897,3.0,1
788,0.27702877471382803,3.0,0
788,0.3091266352585779,3.0,1
789,0.27721613051324545,3.0,0
789,0.30972204168150735,3.0,1
790,0.27740200704692985,3.0,0
790,0.31031520691173314,3.0,1
791,0.27758641313606136,3.0,0
791,0.3109061353393266,3.0,1
792,0.2777693575957051,3.0,0
792,0.31149483142643397,3.0,1
793,0.27795084923390195,3.0,0
793,0.312081299701902,3.0,1
794,0.2781308968507766,3.0,0
794,0.31266554475597913,3.0,1
795,0.27830950923766157,3.0,0
795,0.3132475712350919,3.0,1
796,0.27848669517623714,3.0,0
796,0.3138273838367044,3.0,1
797,0.27866246343768764,3.0,0
797,0.314404987304264,3.0,1
798,0.2788368227818737,3.0,0
798,0.314980386422237,3.0,1
799,0.2790097819565211,3.0,0
799,0.3155535860112369,3.0,1
800,0.2791813496964237,3.0,0
800,0.31612459092325323,3.0,1
801,0.27935153472266366,3.0,0
801,0.31669340603697954,3.0,1
802,0.2795203457418465,3.0,0
802,0.31726003625324967,3.0,1
803,0.2796877914453512,3.0,0
803,0.3178244864905784,3.0,1
804,0.27985388050859694,3.0,0
804,0.3183867616808187,3.0,1
805,0.28001862159032254,3.0,0
805,0.3189468667649313,3.0,1
806,0.2801820233318837,3.0,0
806,0.3195048066888729,3.0,1
807,0.2803440943565633,3.0,0
807,0.32006058639960583,3.0,1
808,0.2805048432688967,3.0,0
808,0.3206142108412326,3.0,1
809,0.28066427865401217,3.0,0
809,0.3211656849512533,3.0,1
810,0.28082240907698525,3.0,0
810,0.3217150136569557,3.0,1
811,0.2809792430822085,3.0,0
811,0.3222622018719333,3.0,1
812,0.2811347891927738,3.0,0
812,0.3228072544927376,3.0,1
813,0.28128905590986925,3.0,0
813,0.3233501763956646,3.0,1
814,0.2814420517121916,3.0,0
814,0.32389097243367737,3.0,1
815,0.2815937850553702,3.0,0
815,0.3244296474334674,3.0,1
816,0.2817442643714059,3.0,0
816,0.3249662061926539,3.0,1
817,0.2818934980681227,3.0,0
817,0.32550065347712365,3.0,1
818,0.28204149452863364,3.0,0
818,0.32603299401851293,3.0,1
819,0.2821882621108191,3.0,0
819,0.32656323251182995,3.0,1
820,0.28233380914681866,3.0,0
820,0.3270913736132197,3.0,1
821,0.28247814394253545,3.0,0
821,0.3276174219378726,3.0,1
822,0.2826212747771538,3.0,0
822,0.3281413820580752,3.0,1
823,0.28276320990266834,3.0,0
823,0.3286632585014032,3.0,1
824,0.282903957543428,3.0,0
824,0.3291830557490584,3.0,1
825,0.2830435258956895,3.0,0
825,0.3297007782343456,3.0,1
826,0.2831819231271843,3.0,0
826,0.3302164303412926,3.0,1
827,0.2833191573766986,3.0,0
827,0.3307300164034108,3.0,1
828,0.2834552367536636,3.0,0
828,0.3312415407025936,3.0,1
829,0.2835901693377573,3.0,0
829,0.3317510074681549,3.0,1
830,0.28372396317852067,3.0,0
830,0.3322584208760035,3.0,1
831,0.2838566262949811,3.0,0
831,0.33276378504795323,3.0,1
832,0.2839881666752911,3.0,0
832,0.3332671040511667,3.0,1
833,0.2841185922763756,3.0,0
833,0.33376838189772956,3.0,1
834,0.28424791102359065,3.0,0
834,0.33426762254435544,3.0,1
835,0.2843761308103944,3.0,0
835,0.33476482989221745,3.0,1
836,0.28450325949802674,3.0,0
836,0.3352600077869043,3.0,1
837,0.28462930491520144,3.0,0
837,0.3357531600184987,3.0,1
838,0.2847542748578066,3.0,0
838,0.33624429032177444,3.0,1
839,0.2848781770886176,3.0,0
839,0.3367334023765099,3.0,1
840,0.28500101933701855,3.0,0
840,0.33722049980791574,3.0,1
841,0.28512280929873407,3.0,0
841,0.33770558618717067,3.0,1
842,0.2852435546355718,3.0,0
842,0.338188665032066,3.0,1
843,0.2853632629751729,3.0,0
843,0.33866973980775106,3.0,1
844,0.2854819419107737,3.0,0
844,0.3391488139275802,3.0,1
845,0.2855995990009755,3.0,0
845,0.3396258907540546,3.0,1
846,0.2857162417695249,3.0,0
846,0.3401009735998554,3.0,1
847,0.28583187770510216,3.0,0
847,0.34057406572896753,3.0,1
848,0.2859465142611181,3.0,0
848,0.3410451703578836,3.0,1
849,0.28606015885552233,3.0,0
849,0.3415142906568922,3.0,1
850,0.28617281887061646,3.0,0
850,0.34198142975143925,3.0,1
851,0.286284501652879,3.0,0
851,0.34244659072356126,3.0,1
852,0.2863952145127971,3.0,0
852,0.34290977661338834,3.0,1
853,0.28650496472470677,3.0,0
853,0.3433709904207069,3.0,1
854,0.28661375952664125,3.0,0
854,0.3438302351065847,3.0,1
855,0.286721606120188,3.0,0
855,0.34428751359504767,3.0,1
856,0.2868285116703521,3.0,0
856,0.34474282877480844,3.0,1
857,0.2869344833054288,3.0,0
857,0.34519618350103976,3.0,1
858,0.28703952811688316,3.0,0
858,0.3456475805971907,3.0,1
859,0.2871436531592359,3.0,0
859,0.3460970228568386,3.0,1
860,0.2872468654499592,3.0,0
860,0.3465445130455728,3.0,1
861,0.2873491719693772,3.0,0
861,0.3469900539029102,3.0,1
862,0.28745057966057486,3.0,0
862,0.3474336481442311,3.0,1
863,0.28755109542931245,3.0,0
863,0.3478752984627375,3.0,1
864,0.2876507261439494,3.0,0
864,0.34831500753142597,3.0,1
865,0.2877494786353716,3.0,0
865,0.34875277800507265,3.0,1
866,0.2878473596969272,3.0,0
866,0.34918861252222605,3.0,1
867,0.2879443760843687,3.0,0
867,0.3496225137072019,3.0,1
868,0.2880405345158005,3.0,0
868,0.3500544841720803,3.0,1
869,0.28813584167163336,3.0,0
869,0.3504845265186969,3.0,1
870,0.2882303041945445,3.0,0
870,0.3509126433406269,3.0,1
871,0.28832392868944373,3.0,0
871,0.35133883722515785,3.0,1
872,0.2884167217234449,3.0,0
872,0.3517631107552483,3.0,1
873,0.28850868982584454,3.0,0
873,0.35218546651146687,3.0,1
874,0.28859983948810386,3.0,0
874,0.35260590707391143,3.0,1
875,0.288690177163838,3.0,0
875,0.3530244350241032,3.0,1
876,0.2887797092688097,3.0,0
876,0.3534410529468527,3.0,1
877,0.28886844218092816,3.0,0
877,0.3538557634320974,3.0,1
878,0.2889563822402539,3.0,0
878,0.3542685690767039,3.0,1
879,0.28904353574900715,3.0,0
879,0.3546794724862371,3.0,1
880,0.2891299089715822,3.0,0
880,0.355088476276689,3.0,1
881,0.2892155081345667,3.0,0
881,0.35549558307616913,3.0,1
882,0.2893003394267643,3.0,0
882,0.3559007955265512,3.0,1
883,0.28938440899922374,3.0,0
883,0.3563041162850775,3.0,1
884,0.28946772296527007,3.0,0
884,0.35670554802591375,3.0,1
885,0.2895502874005426,3.0,0
885,0.35710509344165964,3.0,1
886,0.28963210834303565,3.0,0
886,0.3575027552448075,3.0,1
887,0.2897131917931434,3.0,0
887,0.3578985361691517,3.0,1
888,0.28979354371371,3.0,0
888,0.3582924389711444,3.0,1
889,0.28987317003008195,3.0,0
889,0.3586844664312005,3.0,1
890,0.28995207663016587,3.0,0
890,0.3590746213549468,3.0,1
891,0.2900302693644889,3.0,0
891,0.35946290657441665,3.0,1
892,0.2901077540462637,3.0,0
892,0.3598493249491894,3.0,1
893,0.29018453645145637,3.0,0
893,0.36023387936747425,3.0,1
894,0.2902606223188575,3.0,0
894,0.36061657274713704,3.0,1
895,0.2903360173501584,3.0,0
895,0.3609974080366703,3.0,1
896,0.29041072721002814,3.0,0
896,0.36137638821610885,3.0,1
897,0.29048475752619596,3.0,0
897,0.3617535162978836,3.0,1
898,0.29055811388953523,3.0,0
898,0.3621287953276265,3.0,1
899,0.29063080185415197,3.0,0
899,0.36250222838491086,3.0,1
900,0.29070282693747485,3.0,0
900,0.36287381858394335,3.0,1
901,0.2907741946203491,3.0,0
901,0.3632435690741939,3.0,1
902,0.2908449103471327,3.0,0
902,0.36361148304097685,3.0,1
903,0.2909149795257958,3.0,0
903,0.36397756370597323,3.0,1
904,0.2909844075280223,3.0,0
904,0.3643418143277022,3.0,1
905,0.2910531996893142,3.0,0
905,0.3647042382019402,3.0,1
906,0.2911213613090986,3.0,0
906,0.36506483866208667,3.0,1
907,0.2911888976508366,3.0,0
907,0.3654236190794819,3.0,1
908,0.29125581394213534,3.0,0
908,0.36578058286367315,3.0,1
909,0.2913221153748619,3.0,0
909,0.3661357334626343,3.0,1
910,0.29138780710525913,3.0,0
910,0.36648907436293854,3.0,1
911,0.2914528942540645,3.0,0
911,0.3668406090898841,3.0,1
912,0.2915173819066299,3.0,0
912,0.36719034120757743,3.0,1
913,0.2915812751130442,3.0,0
913,0.36753827431897257,3.0,1
914,0.291644578888258,3.0,0
914,0.3678844120658705,3.0,1
915,0.29170729821220936,3.0,0
915,0.3682287581288756,3.0,1
916,0.2917694380299518,3.0,0
916,0.3685713162273184,3.0,1
917,0.291831003251785,3.0,0
917,0.3689120901191371,3.0,1
918,0.2918919987533851,3.0,0
918,0.3692510836007273,3.0,1
919,0.29195242937593924,3.0,0
919,0.36958830050675545,3.0,1
920,0.2920122999262787,3.0,0
920,0.3699237447099424,3.0,1
921,0.29207161517701663,3.0,0
921,0.3702574201208154,3.0,1
922,0.29213037986668533,3.0,0
922,0.3705893306874317,3.0,1
923,0.29218859869987523,3.0,0
923,0.370919480395075,3.0,1
924,0.2922462763473761,3.0,0
924,0.371247873265926,3.0,1
925,0.292303417446318,3.0,0
925,0.3715745133587096,3.0,1
926,0.29236002660031507,3.0,0
926,0.37189940476831934,3.0,1
927,0.2924161083796103,3.0,0
927,0.37222255162542056,3.0,1
928,0.29247166732122,3.0,0
928,0.37254395809603585,3.0,1
929,0.2925267079290813,3.0,0
929,0.3728636283811111,3.0,1
930,0.29258123467419983,3.0,0
930,0.3731815667160662,3.0,1
931,0.2926352519947985,3.0,0
931,0.373497777370331,3.0,1
932,0.29268876429646645,3.0,0
932,0.3738122646468677,3.0,1
933,0.2927417759523112,3.0,0
933,0.374125032881681,3.0,1
934,0.29279429130310897,3.0,0
934,0.37443608644331916,3.0,1
935,0.29284631465745786,3.0,0
935,0.3747454297323646,3.0,1
936,0.2928978502919308,3.0,0
936,0.3750530671809164,3.0,1
937,0.29294890245122995,3.0,0
937,0.37535900325206706,3.0,1
938,0.2929994753483408,3.0,0
938,0.37566324243937366,3.0,1
939,0.2930495731646886,3.0,0
939,0.37596578926632496,3.0,1
940,0.2930992000502936,3.0,0
940,0.37626664828580375,3.0,1
941,0.29314836012392864,3.0,0
941,0.37656582407954986,3.0,1
942,0.29319705747327535,3.0,0
942,0.3768633212576198,3.0,1
943,0.2932452961550835,3.0,0
943,0.37715914445784726,3.0,1
944,0.2932930801953281,3.0,0
944,0.3774532983453051,3.0,1
945,0.29334041358936935,3.0,0
945,0.37774578761176786,3.0,1
946,0.2933873003021111,3.0,0
946,0.3780366169751776,3.0,1
947,0.2934337442681613,3.0,0
947,0.3783257911791133,3.0,1
948,0.2934797493919919,3.0,0
948,0.37861331499226336,3.0,1
949,0.2935253195480991,3.0,0
949,0.3788991932079045,3.0,1
950,0.29357045858116493,3.0,0
950,0.3791834306433847,3.0,1
951,0.2936151703062173,3.0,0
951,0.3794660321396121,3.0,1
952,0.29365945850879244,3.0,0
952,0.37974700256055255,3.0,1
953,0.2937033269450962,3.0,0
953,0.3800263467927312,3.0,1
954,0.29374677934216564,3.0,0
954,0.3803040697447437,3.0,1
955,0.29378981939803156,3.0,0
955,0.3805801763467748,3.0,1
956,0.29383245078188,3.0,0
956,0.38085467155012565,3.0,1
957,0.2938746771342158,3.0,0
957,0.3811275603267482,3.0,1
958,0.29391650206702374,3.0,0
958,0.3813988476687904,3.0,1
959,0.29395792916393215,3.0,0
959,0.381668538588149,3.0,1
960,0.2939989619803751,3.0,0
960,0.3819366381160333,3.0,1
961,0.2940396040437548,3.0,0
961,0.3822031513025365,3.0,1
962,0.2940798588536048,3.0,0
962,0.38246808321621784,3.0,1
963,0.29411972988175256,3.0,0
963,0.3827314389436948,3.0,1
964,0.2941592205724823,3.0,0
964,0.3829932235892437,3.0,1
965,0.29419833434269654,3.0,0
965,0.38325344227441105,3.0,1
966,0.2942370745820807,3.0,0
966,0.383512100137635,3.0,1
967,0.2942754446532638,3.0,0
967,0.38376920233387546,3.0,1
968,0.2943134478919812,3.0,0
968,0.38402475403425457,3.0,1
969,0.29435108760723816,3.0,0
969,0.38427876042570674,3.0,1
970,0.29438836708147,3.0,0
970,0.38453122671063833,3.0,1
971,0.2944252895707059,3.0,0
971,0.3847821581065956,3.0,1
972,0.2944618583047293,3.0,0
972,0.38503155984594395,3.0,1
973,0.2944980764872406,3.0,0
973,0.3852794371755533,3.0,1
974,0.2945339472960177,3.0,0
974,0.38552579535649545,3.0,1
975,0.2945694738830777,3.0,0
975,0.3857706396637471,3.0,1
976,0.2946046593748383,3.0,0
976,0.3860139753859031,3.0,1
977,0.2946395068722774,3.0,0
977,0.38625580782489727,3.0,1
978,0.2946740194510943,3.0,0
978,0.38649614229573104,3.0,1
979,0.29470820016187005,3.0,0
979,0.386734984126209,3.0,1
980,0.2947420520302266,3.0,0
980,0.38697233865668373,3.0,1
981,0.2947755780569869,3.0,0
981,0.38720821123980415,3.0,1
982,0.29480878121833426,3.0,0
982,0.38744260724027535,3.0,1
983,0.2948416644659705,3.0,0
983,0.3876755320346198,3.0,1
984,0.29487423072727564,3.0,0
984,0.3879069910109486,3.0,1
985,0.29490648290546506,3.0,0
985,0.3881369895687359,3.0,1
986,0.29493842387974817,3.0,0
986,0.3883655331186005,3.0,1
987,0.29497005650548497,3.0,0
987,0.38859262708209086,3.0,1
988,0.29500138361434414,3.0,0
988,0.3888182768914776,3.0,1
989,0.2950324080144589,3.0,0
989,0.3890424879895464,3.0,1
990,0.2950631324905839,3.0,0
990,0.38926526582939985,3.0,1
991,0.2950935598042503,3.0,0
991,0.3894866158742591,3.0,1
992,0.2951236926939215,3.0,0
992,0.38970654359727114,3.0,1
993,0.29515353387514875,3.0,0
993,0.38992505448131864,3.0,1
994,0.2951830860407247,3.0,0
994,0.39014215401883384,3.0,1
995,0.29521235186083733,3.0,0
995,0.3903578477116125,3.0,1
996,0.2952413339832246,3.0,0
996,0.3905721410706328,3.0,1
997,0.2952700350333264,3.0,0
997,0.39078503961587446,3.0,1
998,0.29529845761443796,3.0,0
998,0.3909965488761406,3.0,1
999,0.2953266043078614,3.0,0
999,0.39120667438888085,3.0,1
0,0.004967982239027569,4.0,0
0,0.0003872298256232724,4.0,1
1,0.005018444916142801,4.0,0
1,0.00039171972040918745,4.0,1
2,0.005069408848032778,4.0,0
2,0.0003962623862397849,4.0,1
3,0.005120878757130008,4.0,0
3,0.00040085845105245356,4.0,1
4,0.005172859404838624,4.0,0
4,0.0004055085503217913,4.0,1
5,0.005225355591738617,4.0,0
5,0.0004102133271501203,4.0,1
6,0.005278372157788495,4.0,0
6,0.00041497343235907125,4.0,1
7,0.005331913982526257,4.0,0
7,0.0004197895245822492,4.0,1
8,0.005385985985268669,4.0,0
8,0.0004246622703589925,4.0,1
9,0.005440593125308655,4.0,0
9,0.0004295923442292386,4.0,1
10,0.005495740402110849,4.0,0
10,0.0004345804288295062,4.0,1
11,0.005551432855505115,4.0,0
11,0.00043962721499001033,4.0,1
12,0.005607675565878029,4.0,0
12,0.00044473340183291866,4.0,1
13,0.005664473654362163,4.0,0
13,0.0004498996968717641,4.0,1
14,0.005721832283023185,4.0,0
14,0.00045512681611202825,4.0,1
15,0.005779756655044576,4.0,0
15,0.00046041548415290276,4.0,1
16,0.005838252014909936,4.0,0
16,0.00046576643429024954,4.0,1
17,0.005897323648582788,4.0,0
17,0.00047118040862076626,4.0,1
18,0.0059569768836837435,4.0,0
18,0.0004766581581473735,4.0,1
19,0.006017217089665004,4.0,0
19,0.00048220044288583967,4.0,1
20,0.006078049677982013,4.0,0
20,0.00048780803197264947,4.0,1
21,0.006139480102262229,4.0,0
21,0.0004934817037741397,4.0,1
22,0.006201513858470889,4.0,0
22,0.0004992222459969054,4.0,1
23,0.006264156485073658,4.0,0
23,0.0005050304557995025,4.0,1
24,0.006327413563196106,4.0,0
24,0.0005109071399054487,4.0,1
25,0.006391290716779795,4.0,0
25,0.0005168531147175463,4.0,1
26,0.006455793612735,4.0,0
26,0.0005228692064335361,4.0,1
27,0.006520927961089896,4.0,0
27,0.0005289562511630983,4.0,1
28,0.006586699515136039,4.0,0
28,0.0005351150950462171,4.0,1
29,0.006653114071570169,4.0,0
29,0.0005413465943729186,4.0,1
30,0.006720177470632085,4.0,0
30,0.0005476516157044041,4.0,1
31,0.00678789559623854,4.0,0
31,0.0005540310359955844,4.0,1
32,0.006856274376113037,4.0,0
32,0.0005604857427190435,4.0,1
33,0.006925319781911391,4.0,0
33,0.00056701663399043,4.0,1
34,0.006995037829342938,4.0,0
34,0.0005736246186953077,4.0,1
35,0.007065434578287278,4.0,0
35,0.0005803106166174719,4.0,1
36,0.0071365161329064175,4.0,0
36,0.0005870755585687474,4.0,1
37,0.007208288641752152,4.0,0
37,0.0005939203865202894,4.0,1
38,0.007280758297868664,4.0,0
38,0.000600846053735395,4.0,1
39,0.007353931338890066,4.0,0
39,0.0006078535249038512,4.0,1
40,0.007427814047132849,4.0,0
40,0.0006149437762778262,4.0,1
41,0.007502412749683105,4.0,0
41,0.000622117795809328,4.0,1
42,0.0075777338184783,4.0,0
42,0.0006293765832892404,4.0,1
43,0.0076537836703835845,4.0,0
43,0.0006367211504879586,4.0,1
44,0.0077305687672624135,4.0,0
44,0.0006441525212976365,4.0,1
45,0.007808095616041329,4.0,0
45,0.0006516717318760676,4.0,1
46,0.007886370768768853,4.0,0
46,0.0006592798307922104,4.0,1
47,0.007965400822668228,4.0,0
47,0.0006669778791733826,4.0,1
48,0.008045192420183951,4.0,0
48,0.0006747669508541314,4.0,1
49,0.008125752249021933,4.0,0
49,0.0006826481325268135,4.0,1
50,0.008207087042183071,4.0,0
50,0.000690622523893881,4.0,1
51,0.008289203577990168,4.0,0
51,0.0006986912378219121,4.0,1
52,0.008372108680108025,4.0,0
52,0.0007068554004973893,4.0,1
53,0.008455809217556494,4.0,0
53,0.0007151161515842499,4.0,1
54,0.008540312104716407,4.0,0
54,0.0007234746443832266,4.0,1
55,0.008625624301328214,4.0,0
55,0.0007319320459929957,4.0,1
56,0.008711752812483119,4.0,0
56,0.0007404895374731474,4.0,1
57,0.008798704688606598,4.0,0
57,0.0007491483140090089,4.0,1
58,0.008886487025434164,4.0,0
58,0.0007579095850783212,4.0,1
59,0.008975106963979114,4.0,0
59,0.0007667745746198016,4.0,1
60,0.00906457169049223,4.0,0
60,0.0007757445212036125,4.0,1
61,0.009154888436413159,4.0,0
61,0.0007848206782037417,4.0,1
62,0.009246064478313347,4.0,0
62,0.0007940043139723273,4.0,1
63,0.009338107137830372,4.0,0
63,0.0008032967120159397,4.0,1
64,0.009431023781593481,4.0,0
64,0.0008126991711738431,4.0,1
65,0.009524821821140176,4.0,0
65,0.0008222130057982538,4.0,1
66,0.009619508712823665,4.0,0
66,0.0008318395459366172,4.0,1
67,0.009715091957711045,4.0,0
67,0.0008415801375159202,4.0,1
68,0.00981157910147195,4.0,0
68,0.0008514361425290659,4.0,1
69,0.009908977734257614,4.0,0
69,0.0008614089392233221,4.0,1
70,0.010007295490570079,4.0,0
70,0.0008714999222908691,4.0,1
71,0.010106540049121437,4.0,0
71,0.0008817105030614673,4.0,1
72,0.010206719132682835,4.0,0
72,0.0008920421096972638,4.0,1
73,0.010307840507923207,4.0,0
73,0.0009024961873897592,4.0,1
74,0.010409911985237401,4.0,0
74,0.0009130741985589529,4.0,1
75,0.01051294141856366,4.0,0
75,0.0009237776230546962,4.0,1
76,0.010616936705190197,4.0,0
76,0.0009346079583602623,4.0,1
77,0.010721905785550658,4.0,0
77,0.0009455667197981618,4.0,1
78,0.010827856643008432,4.0,0
78,0.000956655440738228,4.0,1
79,0.010934797303629446,4.0,0
79,0.000967875672807984,4.0,1
80,0.011042735835943411,4.0,0
80,0.0009792289861053221,4.0,1
81,0.011151680350693274,4.0,0
81,0.0009907169694135134,4.0,1
82,0.011261639000572699,4.0,0
82,0.0010023412304185656,4.0,1
83,0.011372619979951393,4.0,0
83,0.0010141033959289612,4.0,1
84,0.011484631524588148,4.0,0
84,0.0010260051120977883,4.0,1
85,0.011597681911331365,4.0,0
85,0.0010380480446472893,4.0,1
86,0.011711779457806864,4.0,0
86,0.001050233879095855,4.0,1
87,0.011826932522092935,4.0,0
87,0.001062564320987476,4.0,1
88,0.011943149502382231,4.0,0
88,0.0010750410961236844,4.0,1
89,0.012060438836630563,4.0,0
89,0.0010876659507980016,4.0,1
90,0.01217880900219225,4.0,0
90,0.0011004406520329201,4.0,1
91,0.012298268515441958,4.0,0
91,0.0011133669878194356,4.0,1
92,0.012418825931382754,4.0,0
92,0.001126446767359157,4.0,1
93,0.012540489843240316,4.0,0
93,0.0011396818213090217,4.0,1
94,0.012663268882043053,4.0,0
94,0.0011530740020286245,4.0,1
95,0.012787171716187973,4.0,0
95,0.0011666251838302038,4.0,1
96,0.012912207050992188,4.0,0
96,0.0011803372632312882,4.0,1
97,0.013038383628229804,4.0,0
97,0.0011942121592100421,4.0,1
98,0.013165710225654121,4.0,0
98,0.0012082518134633262,4.0,1
99,0.013294195656504929,4.0,0
99,0.0012224581906674986,4.0,1
100,0.013423848769000744,4.0,0
100,0.0012368332787419795,4.0,1
101,0.013554678445815866,4.0,0
101,0.0012513790891156029,4.0,1
102,0.013686693603542091,4.0,0
102,0.001266097656995784,4.0,1
103,0.013819903192134829,4.0,0
103,0.0012809910416405165,4.0,1
104,0.013954316194343735,4.0,0
104,0.0012960613266332316,4.0,1
105,0.014089941625127368,4.0,0
105,0.0013113106201605438,4.0,1
106,0.01422678853105205,4.0,0
106,0.0013267410552928985,4.0,1
107,0.014364865989674564,4.0,0
107,0.0013423547902681522,4.0,1
108,0.014504183108908681,4.0,0
108,0.0013581540087781174,4.0,1
109,0.014644749026375385,4.0,0
109,0.001374140920258073,4.0,1
110,0.014786572908736542,4.0,0
110,0.0013903177601792935,4.0,1
111,0.0149296639510121,4.0,0
111,0.0014066867903445924,4.0,1
112,0.015074031375880486,4.0,0
112,0.0014232502991869357,4.0,1
113,0.015219684432962283,4.0,0
113,0.001440010602071115,4.0,1
114,0.015366632398086867,4.0,0
114,0.0014569700415985373,4.0,1
115,0.015514884572542182,4.0,0
115,0.0014741309879151316,4.0,1
116,0.01566445028230721,4.0,0
116,0.0014914958390224123,4.0,1
117,0.015815338877267375,4.0,0
117,0.0015090670210917115,4.0,1
118,0.015967559730412518,4.0,0
118,0.0015268469887816144,4.0,1
119,0.016121122237017615,4.0,0
119,0.001544838225558624,4.0,1
120,0.016276035813805934,4.0,0
120,0.0015630432440210623,4.0,1
121,0.016432309898094643,4.0,0
121,0.0015814645862262558,4.0,1
122,0.016589953946922933,4.0,0
122,0.001600104824021011,4.0,1
123,0.01674897743616237,4.0,0
123,0.0016189665593754118,4.0,1
124,0.016909389859609575,4.0,0
124,0.0016380524247199713,4.0,1
125,0.01707120072806118,4.0,0
125,0.0016573650832861406,4.0,1
126,0.017234419568370934,4.0,0
126,0.0016769072294502223,4.0,1
127,0.017399055922489037,4.0,0
127,0.0016966815890806996,4.0,1
128,0.01756511934648358,4.0,0
128,0.0017166909198890025,4.0,1
129,0.01773261940954416,4.0,0
129,0.0017369380117837519,4.0,1
130,0.01790156569296756,4.0,0
130,0.0017574256872284841,4.0,1
131,0.018071967789125655,4.0,0
131,0.0017781568016028918,4.0,1
132,0.01824383530041527,4.0,0
132,0.0017991342435676075,4.0,1
133,0.018417177838190378,4.0,0
133,0.0018203609354325442,4.0,1
134,0.018592005021676315,4.0,0
134,0.0018418398335288244,4.0,1
135,0.018768326476866257,4.0,0
135,0.00186357392858431,4.0,1
136,0.018946151835399872,4.0,0
136,0.00188556624610278,4.0,1
137,0.019125490733424337,4.0,0
137,0.001907819846746738,4.0,1
138,0.019306352810437577,4.0,0
138,0.0019303378267239253,4.0,1
139,0.019488747708113978,4.0,0
139,0.001953123318177509,4.0,1
140,0.01967268506911255,4.0,0
140,0.0019761794895800126,4.0,1
141,0.01985817453586762,4.0,0
141,0.00199950954613098,4.0,1
142,0.02004522574936218,4.0,0
142,0.002023116730158403,4.0,1
143,0.020233848347884,4.0,0
143,0.002047004321523954,4.0,1
144,0.020424051965764578,4.0,0
144,0.0020711756380320137,4.0,1
145,0.020615846232100995,4.0,0
145,0.002095634035842531,4.0,1
146,0.020809240769460998,4.0,0
146,0.0021203829098877494,4.0,1
147,0.021004245192571238,4.0,0
147,0.002145425694292789,4.0,1
148,0.0212008691069889,4.0,0
148,0.002170765862800136,4.0,1
149,0.02139912210775687,4.0,0
149,0.0021964069291980346,4.0,1
150,0.02159901377804266,4.0,0
150,0.0022223524477528248,4.0,1
151,0.021800553687761192,4.0,0
151,0.0022486060136452193,4.0,1
152,0.022003751392181598,4.0,0
152,0.002275171263410568,4.0,1
153,0.022208616430518423,4.0,0
153,0.002302051875383095,4.0,1
154,0.022415158324507176,4.0,0
154,0.0023292515701441615,4.0,1
155,0.02262338657696464,4.0,0
155,0.002356774110974541,4.0,1
156,0.022833310670334072,4.0,0
156,0.0023846233043107496,4.0,1
157,0.02304494006521566,4.0,0
157,0.0024128030002054258,4.0,1
158,0.02325828419888214,4.0,0
158,0.0024413170927917957,4.0,1
159,0.023473352483780352,4.0,0
159,0.0024701695207522277,4.0,1
160,0.02369015430601854,4.0,0
160,0.002499364267790891,4.0,1
161,0.023908699023839866,4.0,0
161,0.0025289053631105396,4.0,1
162,0.024128995966082475,4.0,0
162,0.0025587968818934336,4.0,1
163,0.024351054430626243,4.0,0
163,0.002589042945786406,4.0,1
164,0.024574883682826655,4.0,0
164,0.002619647723390095,4.0,1
165,0.024800492953936014,4.0,0
165,0.002650615430752345,4.0,1
166,0.025027891439512423,4.0,0
166,0.0026819503318657955,4.0,1
167,0.025257088297816747,4.0,0
167,0.002713656739169676,4.0,1
168,0.025488092648197926,4.0,0
168,0.0027457390140557796,4.0,1
169,0.025720913569467093,4.0,0
169,0.002778201567378683,4.0,1
170,0.02595556009826059,4.0,0
170,0.0028110488599701615,4.0,1
171,0.02619204122739262,4.0,0
171,0.0028442854031578485,4.0,1
172,0.02643036590419761,4.0,0
172,0.0028779157592881267,4.0,1
173,0.026670543028862626,4.0,0
173,0.002911944542253254,4.0,1
174,0.026912581452750554,4.0,0
174,0.0029463764180227493,4.0,1
175,0.027156489976714118,4.0,0
175,0.0029812161051789993,4.0,1
176,0.02740227734940127,4.0,0
176,0.0030164683754571463,4.0,1
177,0.02764995226555232,4.0,0
177,0.0030521380542892036,4.0,1
178,0.027899523364289264,4.0,0
178,0.0030882300213524285,4.0,1
179,0.02815099922739767,4.0,0
179,0.0031247492111219515,4.0,1
180,0.028404388377601543,4.0,0
180,0.003161700613427634,4.0,1
181,0.02865969927683172,4.0,0
181,0.003199089274015188,4.0,1
182,0.028916940324487998,4.0,0
182,0.0032369202951115093,4.0,1
183,0.0291761198556956,4.0,0
183,0.003275198835994263,4.0,1
184,0.029437246139556512,4.0,0
184,0.003313930113565679,4.0,1
185,0.02970032737739575,4.0,0
185,0.003353119402930549,4.0,1
186,0.029965371701003555,4.0,0
186,0.0033927720379784395,4.0,1
187,0.030232387170873364,4.0,0
187,0.003432893411970077,4.0,1
188,0.030501381774436585,4.0,0
188,0.003473488978127919,4.0,1
189,0.03077236342429424,4.0,0
189,0.0035145642502308516,4.0,1
190,0.03104533995644597,4.0,0
190,0.0035561248032130533,4.0,1
191,0.03132031912851721,4.0,0
191,0.003598176273766954,4.0,1
192,0.03159730861798435,4.0,0
192,0.003640724360950292,4.0,1
193,0.03187631602039913,4.0,0
193,0.0036837748267972386,4.0,1
194,0.032157348847612,4.0,0
194,0.0037273334969335544,4.0,1
195,0.03244041452599536,4.0,0
195,0.0037714062611957627,4.0,1
196,0.032725520394667064,4.0,0
196,0.003815999074254311,4.0,1
197,0.03301267370371439,4.0,0
197,0.00386111795624066,4.0,1
198,0.03330188161241937,4.0,0
198,0.003906768993378294,4.0,1
199,0.03359315118748541,4.0,0
199,0.003952958338617601,4.0,1
200,0.033886489401266234,4.0,0
200,0.00399969221227457,4.0,1
201,0.034181903129997,4.0,0
201,0.004046976902673285,4.0,1
202,0.034479399152028564,4.0,0
202,0.00409481876679216,4.0,1
203,0.03477898414606493,4.0,0
203,0.004143224230913835,4.0,1
204,0.03508066468940459,4.0,0
204,0.004192199791278741,4.0,1
205,0.03538444725618602,4.0,0
205,0.004241752014742206,4.0,1
206,0.035690338215637836,4.0,0
206,0.004291887539435113,4.0,1
207,0.03599834383033401,4.0,0
207,0.004342613075427981,4.0,1
208,0.03630847025445465,4.0,0
208,0.004393935405398456,4.0,1
209,0.036620723532052396,4.0,0
209,0.004445861385302106,4.0,1
210,0.03693510959532562,4.0,0
210,0.004498397945046474,4.0,1
211,0.03725163426289769,4.0,0
211,0.004551552089168271,4.0,1
212,0.03757030323810371,4.0,0
212,0.00460533089751369,4.0,1
213,0.037891122107284764,4.0,0
213,0.004659741525921673,4.0,1
214,0.03821409633808957,4.0,0
214,0.004714791206910133,4.0,1
215,0.03853923127778487,4.0,0
215,0.004770487250364952,4.0,1
216,0.03886653215157382,4.0,0
216,0.0048268370442317065,4.0,1
217,0.03919600406092377,4.0,0
217,0.004883848055210016,4.0,1
218,0.039527651981902945,4.0,0
218,0.004941527829450367,4.0,1
219,0.03986148076352685,4.0,0
219,0.004999883993253349,4.0,1
220,0.04019749512611451,4.0,0
220,0.00505892425377115,4.0,1
221,0.04053569965965484,4.0,0
221,0.005118656399711187,4.0,1
222,0.0408760988221837,4.0,0
222,0.005179088302041786,4.0,1
223,0.0412186969381716,4.0,0
223,0.005240227914699698,4.0,1
224,0.04156349819692249,4.0,0
224,0.005302083275299399,4.0,1
225,0.04191050665098393,4.0,0
225,0.005364662505843939,4.0,1
226,0.04225972621456891,4.0,0
226,0.005427973813437289,4.0,1
227,0.04261116066198951,4.0,0
227,0.005492025490997912,4.0,1
228,0.04296481362610262,4.0,0
228,0.0055568259179734816,4.0,1
229,0.0433206885967682,4.0,0
229,0.005622383561056548,4.0,1
230,0.0436787889193198,4.0,0
230,0.005688706974900954,4.0,1
231,0.04403911779304825,4.0,0
231,0.005755804802838838,4.0,1
232,0.044401678269698056,4.0,0
232,0.005823685777598009,4.0,1
233,0.04476647325197721,4.0,0
233,0.005892358722019552,4.0,1
234,0.045133505492080284,4.0,0
234,0.005961832549775342,4.0,1
235,0.0455027775902251,4.0,0
235,0.006032116266085371,4.0,1
236,0.045874291993203226,4.0,0
236,0.006103218968434592,4.0,1
237,0.04624805099294435,4.0,0
237,0.006175149847289072,4.0,1
238,0.046624056725094745,4.0,0
238,0.006247918186811211,4.0,1
239,0.04700231116760996,4.0,0
239,0.006321533365573759,4.0,1
240,0.047382816139362,4.0,0
240,0.006396004857272413,4.0,1
241,0.047765573298760675,4.0,0
241,0.006471342231436703,4.0,1
242,0.04815058414239016,4.0,0
242,0.006547555154138852,4.0,1
243,0.04853785000365987,4.0,0
243,0.006624653388700406,4.0,1
244,0.048927372051470304,4.0,0
244,0.006702646796396293,4.0,1
245,0.04931915128889426,4.0,0
245,0.006781545337155977,4.0,1
246,0.049713188551872706,4.0,0
246,0.006861359070261454,4.0,1
247,0.050109484507926176,4.0,0
247,0.006942098155041713,4.0,1
248,0.05050803965488158,4.0,0
248,0.007023772851563363,4.0,1
249,0.0509088543196142,4.0,0
249,0.007106393521317046,4.0,1
250,0.051311928656805464,4.0,0
250,0.007189970627899298,4.0,1
251,0.05171726264771651,4.0,0
251,0.007274514737689507,4.0,1
252,0.05212485609897706,4.0,0
252,0.007360036520521505,4.0,1
253,0.05253470864139061,4.0,0
253,0.007446546750349562,4.0,1
254,0.0529468197287555,4.0,0
254,0.007534056305908179,4.0,1
255,0.05336118863670184,4.0,0
255,0.007622576171365421,4.0,1
256,0.053777814461544955,4.0,0
256,0.007712117436969308,4.0,1
257,0.05419669611915487,4.0,0
257,0.007802691299686783,4.0,1
258,0.05461783234384234,4.0,0
258,0.00789430906383491,4.0,1
259,0.05504122168726123,4.0,0
259,0.007986982141703687,4.0,1
260,0.055466862517327964,4.0,0
260,0.008080722054170179,4.0,1
261,0.05589475301715721,4.0,0
261,0.008175540431303297,4.0,1
262,0.05632489118401484,4.0,0
262,0.008271449012958863,4.0,1
263,0.05675727482828782,4.0,0
263,0.008368459649364357,4.0,1
264,0.057191901572471344,4.0,0
264,0.008466584301692866,4.0,1
265,0.057628768850173255,4.0,0
265,0.008565835042625659,4.0,1
266,0.058067873905136035,4.0,0
266,0.008666224056902861,4.0,1
267,0.05850921379027651,4.0,0
267,0.008767763641861616,4.0,1
268,0.05895278536674333,4.0,0
268,0.008870466207961203,4.0,1
269,0.05939858530299264,4.0,0
269,0.008974344279294473,4.0,1
270,0.05984661007388198,4.0,0
270,0.009079410494084993,4.0,1
271,0.060296855959782555,4.0,0
271,0.009185677605169326,4.0,1
272,0.06074931904571059,4.0,0
272,0.009293158480463713,4.0,1
273,0.06120399522047697,4.0,0
273,0.0094018661034146,4.0,1
274,0.06166088017585702,4.0,0
274,0.009511813573432292,4.0,1
275,0.06211996940577888,4.0,0
275,0.009623014106307054,4.0,1
276,0.0625812582055321,4.0,0
276,0.009735481034607005,4.0,1
277,0.06304474167099644,4.0,0
277,0.00984922780805702,4.0,1
278,0.06351041469789044,4.0,0
278,0.009964267993898044,4.0,1
279,0.06397827198104142,4.0,0
279,0.010080615277225946,4.0,1
280,0.06444830801367585,4.0,0
280,0.01019828346130926,4.0,1
281,0.06492051708673163,4.0,0
281,0.010317286467885035,4.0,1
282,0.06539489328819177,4.0,0
282,0.010437638337432005,4.0,1
283,0.06587143050244039,4.0,0
283,0.010559353229420308,4.0,1
284,0.0663501224096412,4.0,0
284,0.01068244542253697,4.0,1
285,0.06683096248513895,4.0,0
285,0.0108069293148863,4.0,1
286,0.06731394399888443,4.0,0
286,0.01093281942416447,4.0,1
287,0.06779906001488296,4.0,0
287,0.01106013038780735,4.0,1
288,0.0682863033906676,4.0,0
288,0.011188876963110817,4.0,1
289,0.0687756667767968,4.0,0
289,0.011319074027322695,4.0,1
290,0.06926714261637767,4.0,0
290,0.011450736577705449,4.0,1
291,0.06976072314461484,4.0,0
291,0.01158387973156873,4.0,1
292,0.0702564003883856,4.0,0
292,0.011718518726271013,4.0,1
293,0.07075416616584215,4.0,0
293,0.011854668919189315,4.0,1
294,0.071254012086041,4.0,0
294,0.011992345787656178,4.0,1
295,0.07175592954860069,4.0,0
295,0.012131564928863024,4.0,1
296,0.07225990974338774,4.0,0
296,0.012272342059728943,4.0,1
297,0.07276594365023208,4.0,0
297,0.012414693016734084,4.0,1
298,0.07327402203867202,4.0,0
298,0.012558633755716642,4.0,1
299,0.07378413546772986,4.0,0
299,0.012704180351632614,4.0,1
300,0.07429627428571842,4.0,0
300,0.012851348998277431,4.0,1
301,0.07481042863007929,4.0,0
301,0.013000156007968451,4.0,1
302,0.0753265884272534,4.0,0
302,0.013150617811187508,4.0,1
303,0.07584474339258476,4.0,0
303,0.01330275095618256,4.0,1
304,0.0763648830302575,4.0,0
304,0.013456572108527581,4.0,1
305,0.07688699663326784,4.0,0
305,0.013612098050639761,4.0,1
306,0.07741107328343069,4.0,0
306,0.01376934568125305,4.0,1
307,0.07793710185142204,4.0,0
307,0.013928332014847358,4.0,1
308,0.07846507099685805,4.0,0
308,0.01408907418103239,4.0,1
309,0.07899496916841106,4.0,0
309,0.014251589423885184,4.0,1
310,0.07952678460396359,4.0,0
310,0.014415895101240733,4.0,1
311,0.08006050533080086,4.0,0
311,0.014582008683934625,4.0,1
312,0.08059611916584254,4.0,0
312,0.014749947754997012,4.0,1
313,0.08113361371591479,4.0,0
313,0.014919730008796983,4.0,1
314,0.08167297637806263,4.0,0
314,0.015091373250136746,4.0,1
315,0.08221419433990387,4.0,0
315,0.015264895393294602,4.0,1
316,0.08275725458002549,4.0,0
316,0.015440314461016163,4.0,1
317,0.0833021438684222,4.0,0
317,0.015617648583452983,4.0,1
318,0.08384884876697907,4.0,0
318,0.01579691599704798,4.0,1
319,0.08439735562999834,4.0,0
319,0.015978135043366884,4.0,1
320,0.08494765060477084,4.0,0
320,0.016161324167875177,4.0,1
321,0.08549971963219308,4.0,0
321,0.016346501918659863,4.0,1
322,0.08605354844743097,4.0,0
322,0.016533686945095452,4.0,1
323,0.08660912258062967,4.0,0
323,0.016722897996453743,4.0,1
324,0.08716642735767186,4.0,0
324,0.01691415392045677,4.0,1
325,0.0877254479009833,4.0,0
325,0.017107473661772555,4.0,1
326,0.08828616913038806,4.0,0
326,0.01730287626045318,4.0,1
327,0.08884857576401213,4.0,0
327,0.017500380850314884,4.0,1
328,0.08941265231923787,4.0,0
328,0.017700006657259716,4.0,1
329,0.08997838311370832,4.0,0
329,0.017901772997538715,4.0,1
330,0.0905457522663829,4.0,0
330,0.018105699275956018,4.0,1
331,0.09111474369864439,4.0,0
331,0.018311804984014156,4.0,1
332,0.09168534113545844,4.0,0
332,0.01852010969800007,4.0,1
333,0.09225752810658483,4.0,0
333,0.01873063307701194,4.0,1
334,0.09283128794784222,4.0,0
334,0.018943394860926787,4.0,1
335,0.09340660380242662,4.0,0
335,0.01915841486830895,4.0,1
336,0.09398345862228244,4.0,0
336,0.01937571299425946,4.0,1
337,0.09456183516952878,4.0,0
337,0.01959530920820662,4.0,1
338,0.09514171601794011,4.0,0
338,0.019817223551637873,4.0,1
339,0.09572308355448063,4.0,0
339,0.02004147613577344,4.0,1
340,0.09630591998089527,4.0,0
340,0.020268087139182062,4.0,1
341,0.09689020731535461,4.0,0
341,0.020497076805339177,4.0,1
342,0.09747592739415598,4.0,0
342,0.020728465440128307,4.0,1
343,0.0980630618734801,4.0,0
343,0.020962273409285886,4.0,1
344,0.09865159223120346,4.0,0
344,0.02119852113579078,4.0,1
345,0.0992414997687665,4.0,0
345,0.021437229097198474,4.0,1
346,0.09983276561309791,4.0,0
346,0.021678417822921518,4.0,1
347,0.10042537071859485,4.0,0
347,0.021922107891456634,4.0,1
348,0.1010192958691591,4.0,0
348,0.022168319927559556,4.0,1
349,0.10161452168028903,4.0,0
349,0.022417074599368956,4.0,1
350,0.1022110286012279,4.0,0
350,0.022668392615480003,4.0,1
351,0.10280879691716673,4.0,0
351,0.02292229472196951,4.0,1
352,0.1034078067515042,4.0,0
352,0.02317880169937327,4.0,1
353,0.10400803806816043,4.0,0
353,0.023437934359617354,4.0,1
354,0.10460947067394677,4.0,0
354,0.023699713542904743,4.0,1
355,0.10521208422098997,4.0,0
355,0.023964160114558687,4.0,1
356,0.10581585820921047,4.0,0
356,0.024231294961824572,4.0,1
357,0.10642077198885519,4.0,0
357,0.024501138990631735,4.0,1
358,0.1070268047630837,4.0,0
358,0.024773713122317194,4.0,1
359,0.10763393559060748,4.0,0
359,0.025049038290312874,4.0,1
360,0.10824214338838173,4.0,0
360,0.025327135436798476,4.0,1
361,0.10885140693434929,4.0,0
361,0.025608025509321602,4.0,1
362,0.10946170487023597,4.0,0
362,0.025891729457387384,4.0,1
363,0.1100730157043967,4.0,0
363,0.02617826822901962,4.0,1
364,0.11068531781471166,4.0,0
364,0.02646766276729538,4.0,1
365,0.1112985894515319,4.0,0
365,0.026759934006855505,4.0,1
366,0.11191280874067339,4.0,0
366,0.027055102870393016,4.0,1
367,0.11252795368645904,4.0,0
367,0.02735319026512175,4.0,1
368,0.1131440021748074,4.0,0
368,0.027654217079227564,4.0,1
369,0.11376093197636745,4.0,0
369,0.027958204178304344,4.0,1
370,0.11437872074969845,4.0,0
370,0.02826517240177735,4.0,1
371,0.11499734604449383,4.0,0
371,0.028575142559316116,4.0,1
372,0.11561678530484806,4.0,0
372,0.028888135427239413,4.0,1
373,0.1162370158725654,4.0,0
373,0.029204171744914645,4.0,1
374,0.11685801499050986,4.0,0
374,0.029523272211154285,4.0,1
375,0.11747975980599445,4.0,0
375,0.0298454574806114,4.0,1
376,0.11810222737420903,4.0,0
376,0.030170748160177265,4.0,1
377,0.1187253946616856,4.0,0
377,0.03049916480538296,4.0,1
378,0.11934923854979937,4.0,0
378,0.030830727916807604,4.0,1
379,0.11997373583830509,4.0,0
379,0.03116545793649572,4.0,1
380,0.12059886324890595,4.0,0
380,0.03150337524438578,4.0,1
381,0.1212245974288553,4.0,0
381,0.031844500154752556,4.0,1
382,0.12185091495458841,4.0,0
382,0.03218885291266524,4.0,1
383,0.12247779233538422,4.0,0
383,0.03253645369046393,4.0,1
384,0.12310520601705363,4.0,0
384,0.032887322584256216,4.0,1
385,0.12373313238565543,4.0,0
385,0.03324147961043631,4.0,1
386,0.124361547771236,4.0,0
386,0.033598944702228455,4.0,1
387,0.12499042845159254,4.0,0
387,0.033959737706256814,4.0,1
388,0.12561975065605846,4.0,0
388,0.034323878379143385,4.0,1
389,0.12624949056930745,4.0,0
389,0.03469138638413593,4.0,1
390,0.1268796243351778,4.0,0
390,0.03506228128776736,4.0,1
391,0.1275101280605122,4.0,0
391,0.035436582556548364,4.0,1
392,0.12814097781901324,4.0,0
392,0.03581430955369428,4.0,1
393,0.12877214965511205,4.0,0
393,0.036195481535887794,4.0,1
394,0.12940361958784943,4.0,0
394,0.03658011765007861,4.0,1
395,0.13003536361476645,4.0,0
395,0.03696823693032081,4.0,1
396,0.13066735771580343,4.0,0
396,0.03735985829464909,4.0,1
397,0.13129957785720633,4.0,0
397,0.03775500054199434,4.0,1
398,0.13193199999543695,4.0,0
398,0.03815368234913913,4.0,1
399,0.1325646000810872,4.0,0
399,0.038555922267713566,4.0,1
400,0.13319735406279445,4.0,0
400,0.03896173872123172,4.0,1
401,0.1338302378911566,4.0,0
401,0.03937115000216841,4.0,1
402,0.13446322752264478,4.0,0
402,0.03978417426907653,4.0,1
403,0.13509629892351296,4.0,0
403,0.040200829543744356,4.0,1
404,0.13572942807370086,4.0,0
404,0.04062113370839234,4.0,1
405,0.1363625909707302,4.0,0
405,0.0410451045029087,4.0,1
406,0.13699576363359192,4.0,0
406,0.04147275952212297,4.0,1
407,0.13762892210662167,4.0,0
407,0.04190411621311618,4.0,1
408,0.13826204246336352,4.0,0
408,0.04233919187256667,4.0,1
409,0.13889510081041884,4.0,0
409,0.04277800364412983,4.0,1
410,0.1395280732912791,4.0,0
410,0.04322056851584997,4.0,1
411,0.14016093609014063,4.0,0
411,0.043666903317602895,4.0,1
412,0.1407936654357003,4.0,0
412,0.04411702471856656,4.0,1
413,0.1414262376049294,4.0,0
413,0.04457094922471791,4.0,1
414,0.14205862892682503,4.0,0
414,0.04502869317635312,4.0,1
415,0.14269081578613652,4.0,0
415,0.045490272745628946,4.0,1
416,0.14332277462706583,4.0,0
416,0.045955703934122114,4.0,1
417,0.14395448195693972,4.0,0
417,0.04642500257040365,4.0,1
418,0.14458591434985335,4.0,0
418,0.04689818430762525,4.0,1
419,0.14521704845028163,4.0,0
419,0.04737526462111416,4.0,1
420,0.1458478609766587,4.0,0
420,0.04785625880597273,4.0,1
421,0.14647832872492328,4.0,0
421,0.04834118197467982,4.0,1
422,0.14710842857202816,4.0,0
422,0.048830049054689253,4.0,1
423,0.14773813747941258,4.0,0
423,0.049322874786021896,4.0,1
424,0.14836743249643627,4.0,0
424,0.04981967371884722,4.0,1
425,0.1489962907637735,4.0,0
425,0.05032046021105012,4.0,1
426,0.14962468951676547,4.0,0
426,0.0508252484257782,4.0,1
427,0.15025260608873087,4.0,0
427,0.051334052328966144,4.0,1
428,0.1508800179142312,4.0,0
428,0.051846885686831136,4.0,1
429,0.15150690253229207,4.0,0
429,0.052363762063336435,4.0,1
430,0.15213323758957734,4.0,0
430,0.05288469481761676,4.0,1
431,0.1527590008435158,4.0,0
431,0.0534096971013622,4.0,1
432,0.15338417016537914,4.0,0
432,0.053938781856154555,4.0,1
433,0.15400872354330913,4.0,0
433,0.05447196181075253,4.0,1
434,0.1546326390852957,4.0,0
434,0.055009249478320026,4.0,1
435,0.15525589502210033,4.0,0
435,0.05555065715359308,4.0,1
436,0.15587846971012875,4.0,0
436,0.05609619690998052,4.0,1
437,0.15650034163424842,4.0,0
437,0.05664588059659382,4.0,1
438,0.15712148941055096,4.0,0
438,0.057199719835200745,4.0,1
439,0.1577418917890597,4.0,0
439,0.057757726017098776,4.0,1
440,0.15836152765637987,4.0,0
440,0.05831991029990315,4.0,1
441,0.15898037603829163,4.0,0
441,0.058886283604245096,4.0,1
442,0.15959841610228512,4.0,0
442,0.05945685661037607,4.0,1
443,0.16021562716003665,4.0,0
443,0.06003163975467274,4.0,1
444,0.16083198866982545,4.0,0
444,0.06061064322603956,4.0,1
445,0.1614474802388906,4.0,0
445,0.061193876962203964,4.0,1
446,0.16206208162572688,4.0,0
446,0.061781350645900505,4.0,1
447,0.16267577274232045,4.0,0
447,0.06237307370094027,4.0,1
448,0.16328853365632226,4.0,0
448,0.06296905528816135,4.0,1
449,0.1639003445931596,4.0,0
449,0.06356930430125743,4.0,1
450,0.1645111859380861,4.0,0
450,0.06417382936248121,4.0,1
451,0.16512103823816854,4.0,0
451,0.06478263881821911,4.0,1
452,0.16572988220421073,4.0,0
452,0.06539574073443477,4.0,1
453,0.1663376987126149,4.0,0
453,0.06601314289197886,4.0,1
454,0.16694446880717936,4.0,0
454,0.06663485278176248,4.0,1
455,0.16755017370083317,4.0,0
455,0.067260877599792,4.0,1
456,0.1681547947773071,4.0,0
456,0.06789122424206412,4.0,1
457,0.16875831359274118,4.0,0
457,0.06852589929931872,4.0,1
458,0.16936071187722926,4.0,0
458,0.06916490905164883,4.0,1
459,0.1699619715362992,4.0,0
459,0.06980825946296643,4.0,1
460,0.17056207465233084,4.0,0
460,0.07045595617532338,4.0,1
461,0.17116100348590998,4.0,0
461,0.07110800450308735,4.0,1
462,0.1717587404771199,4.0,0
462,0.0717644094269723,4.0,1
463,0.1723552682467698,4.0,0
463,0.07242517558792409,4.0,1
464,0.17295056959756092,4.0,0
464,0.07309030728086155,4.0,1
465,0.17354462751519037,4.0,0
465,0.0737598084482741,4.0,1
466,0.17413742516939337,4.0,0
466,0.07443368267367706,4.0,1
467,0.17472894591492366,4.0,0
467,0.07511193317492651,4.0,1
468,0.17531917329247299,4.0,0
468,0.07579456279739494,4.0,1
469,0.17590809102953045,4.0,0
469,0.07648157400701133,4.0,1
470,0.17649568304118085,4.0,0
470,0.0771729688831663,4.0,1
471,0.17708193343084463,4.0,0
471,0.07786874911148794,4.0,1
472,0.17766682649095789,4.0,0
472,0.07856891597648898,4.0,1
473,0.17825034670359435,4.0,0
473,0.07927347035409125,4.0,1
474,0.17883247874102978,4.0,0
474,0.07998241270403006,4.0,1
475,0.17941320746624914,4.0,0
475,0.08069574306214385,4.0,1
476,0.1799925179333971,4.0,0
476,0.08141346103255351,4.0,1
477,0.18057039538817332,4.0,0
477,0.08213556577973635,4.0,1
478,0.1811468252681723,4.0,0
478,0.08286205602050128,4.0,1
479,0.1817217932031699,4.0,0
479,0.08359293001586918,4.0,1
480,0.18229528501535536,4.0,0
480,0.08432818556286724,4.0,1
481,0.18286728671951166,4.0,0
481,0.08506781998624138,4.0,1
482,0.183437784523144,4.0,0
482,0.08581183013009555,4.0,1
483,0.18400676482655737,4.0,0
483,0.08656021234946414,4.0,1
484,0.18457421422288417,4.0,0
484,0.08731296250182546,4.0,1
485,0.18514011949806314,4.0,0
485,0.08807007593856468,4.0,1
486,0.18570446763076995,4.0,0
486,0.08883154749639313,4.0,1
487,0.18626724579230042,4.0,0
487,0.08959737148873488,4.0,1
488,0.18682844134640844,4.0,0
488,0.09036754169708677,4.0,1
489,0.18738804184909807,4.0,0
489,0.0911420513623635,4.0,1
490,0.1879460350483712,4.0,0
490,0.09192089317623588,4.0,1
491,0.18850240888393313,4.0,0
491,0.09270405927247218,4.0,1
492,0.18905715148685484,4.0,0
492,0.09349154121829371,4.0,1
493,0.18961025117919508,4.0,0
493,0.09428333000575341,4.0,1
494,0.19016169647358136,4.0,0
494,0.09507941604314915,4.0,1
495,0.19071147607275346,4.0,0
495,0.09587978914648237,4.0,1
496,0.1912595788690671,4.0,0
496,0.09668443853097312,4.0,1
497,0.19180599394396258,4.0,0
497,0.09749335280264214,4.0,1
498,0.1923507105673958,4.0,0
498,0.09830651994997291,4.0,1
499,0.19289371819723644,4.0,0
499,0.09912392733566402,4.0,1
500,0.19343500647863035,4.0,0
500,0.09994556168848455,4.0,1
501,0.19397456524333112,4.0,0
501,0.10077140909524386,4.0,1
502,0.19451238450899921,4.0,0
502,0.10160145499288875,4.0,1
503,0.19504845447847075,4.0,0
503,0.10243568416073989,4.0,1
504,0.19558276553899698,4.0,0
504,0.10327408071287966,4.0,1
505,0.19611530826145518,4.0,0
505,0.10411662809070482,4.0,1
506,0.19664607339953288,4.0,0
506,0.10496330905565561,4.0,1
507,0.19717505188888537,4.0,0
507,0.10581410568213472,4.0,1
508,0.19770223484626823,4.0,0
508,0.10666899935062882,4.0,1
509,0.19822761356864543,4.0,0
509,0.10752797074104435,4.0,1
510,0.19875117953227522,4.0,0
510,0.1083909998262725,4.0,1
511,0.1992729243917731,4.0,0
511,0.10925806586599326,4.0,1
512,0.1997928399791543,4.0,0
512,0.11012914740073429,4.0,1
513,0.20031091830285588,4.0,0
513,0.11100422224619397,4.0,1
514,0.20082715154674044,4.0,0
514,0.11188326748784498,4.0,1
515,0.20134153206908117,4.0,0
515,0.11276625947582676,4.0,1
516,0.20185405240153034,4.0,0
516,0.11365317382014278,4.0,1
517,0.20236470524807157,4.0,0
517,0.11454398538617261,4.0,1
518,0.20287348348395662,4.0,0
518,0.1154386682905111,4.0,1
519,0.20338038015462928,4.0,0
519,0.1163371958971474,4.0,1
520,0.20388538847463408,4.0,0
520,0.11723954081399457,4.0,1
521,0.20438850182651447,4.0,0
521,0.11814567488978125,4.0,1
522,0.20488971375969825,4.0,0
522,0.11905556921131667,4.0,1
523,0.2053890179893736,4.0,0
523,0.11996919410113939,4.0,1
524,0.20588640839535352,4.0,0
524,0.12088651911556143,4.0,1
525,0.2063818790209341,4.0,0
525,0.12180751304311567,4.0,1
526,0.2068754240717421,4.0,0
526,0.12273214390341883,4.0,1
527,0.20736703791457642,4.0,0
527,0.12366037894645779,4.0,1
528,0.20785671507624376,4.0,0
528,0.12459218465230858,4.0,1
529,0.20834445024238663,4.0,0
529,0.1255275267312969,4.0,1
530,0.20883023825630884,4.0,0
530,0.12646637012460846,4.0,1
531,0.20931407411779404,4.0,0
531,0.12740867900535555,4.0,1
532,0.20979595298192305,4.0,0
532,0.1283544167801093,4.0,1
533,0.21027587015788668,4.0,0
533,0.1293035460909016,4.0,1
534,0.2107538211077973,4.0,0
534,0.13025602881770518,4.0,1
535,0.21122980144549794,4.0,0
535,0.13121182608139556,4.0,1
536,0.21170380693537133,4.0,0
536,0.1321708982472017,4.0,1
537,0.212175833491148,4.0,0
537,0.13313320492864847,4.0,1
538,0.21264587717471403,4.0,0
538,0.13409870499199525,4.0,1
539,0.21311393419492142,4.0,0
539,0.13506735656117413,4.0,1
540,0.21358000090639703,4.0,0
540,0.1360391170232305,4.0,1
541,0.21404407380835547,4.0,0
541,0.13701394303426753,4.0,1
542,0.21450614954341368,4.0,0
542,0.13799179052589694,4.0,1
543,0.21496622489640738,4.0,0
543,0.13897261471219535,4.0,1
544,0.21542429679321193,4.0,0
544,0.13995637009716846,4.0,1
545,0.2158803622995656,4.0,0
545,0.14094301048272068,4.0,1
546,0.21633441861989777,4.0,0
546,0.1419324889771301,4.0,1
547,0.21678646309616117,4.0,0
547,0.14292475800402676,4.0,1
548,0.21723649320666857,4.0,0
548,0.14391976931187217,4.0,1
549,0.21768450656493474,4.0,0
549,0.14491747398393587,4.0,1
550,0.21813050091852415,4.0,0
550,0.1459178224487672,4.0,1
551,0.2185744741479034,4.0,0
551,0.1469207644911556,4.0,1
552,0.2190164242653007,4.0,0
552,0.1479262492635771,4.0,1
553,0.21945634941357084,4.0,0
553,0.1489342252981184,4.0,1
554,0.2198942478650668,4.0,0
554,0.14994464051887507,4.0,1
555,0.22033011802051788,4.0,0
555,0.15095744225481525,4.0,1
556,0.22076395840791527,4.0,0
556,0.15197257725310173,4.0,1
557,0.22119576768140373,4.0,0
557,0.15298999169286545,4.0,1
558,0.22162554462018122,4.0,0
558,0.15400963119941935,4.0,1
559,0.22205328812740543,4.0,0
559,0.1550314408589068,4.0,1
560,0.22247899722910824,4.0,0
560,0.1560553652333716,4.0,1
561,0.22290267107311743,4.0,0
561,0.15708134837624166,4.0,1
562,0.22332430892798577,4.0,0
562,0.15810933384821405,4.0,1
563,0.22374391018192835,4.0,0
563,0.15913926473353177,4.0,1
564,0.22416147434176806,4.0,0
564,0.16017108365663854,4.0,1
565,0.22457700103188774,4.0,0
565,0.16120473279920158,4.0,1
566,0.22499048999319146,4.0,0
566,0.16224015391748833,4.0,1
567,0.22540194108207282,4.0,0
567,0.16327728836008448,4.0,1
568,0.22581135426939156,4.0,0
568,0.16431607708594098,4.0,1
569,0.22621872963945797,4.0,0
569,0.16535646068273427,4.0,1
570,0.22662406738902535,4.0,0
570,0.16639837938552798,4.0,1
571,0.22702736782629013,4.0,0
571,0.1674417730957202,4.0,1
572,0.2274286313698996,4.0,0
572,0.16848658140026232,4.0,1
573,0.22782785854796772,4.0,0
573,0.1695327435911343,4.0,1
574,0.22822504999709814,4.0,0
574,0.17058019868506163,4.0,1
575,0.22862020646141537,4.0,0
575,0.17162888544345856,4.0,1
576,0.22901332879160322,4.0,0
576,0.17267874239258085,4.0,1
577,0.22940441794394967,4.0,0
577,0.17372970784387537,4.0,1
578,0.22979347497940097,4.0,0
578,0.17478171991450633,4.0,1
579,0.2301805010626208,4.0,0
579,0.17583471654804644,4.0,1
580,0.23056549746105798,4.0,0
580,0.1768886355353143,4.0,1
581,0.2309484655440203,4.0,0
581,0.17794341453534254,4.0,1
582,0.23132940678175518,4.0,0
582,0.17899899109646056,4.0,1
583,0.23170832274453698,4.0,0
583,0.18005530267747566,4.0,1
584,0.23208521510176086,4.0,0
584,0.18111228666893614,4.0,1
585,0.23246008562104317,4.0,0
585,0.18216988041445992,4.0,1
586,0.23283293616732645,4.0,0
586,0.18322802123211293,4.0,1
587,0.23320376870199347,4.0,0
587,0.18428664643581985,4.0,1
588,0.23357258528198283,4.0,0
588,0.18534569335679257,4.0,1
589,0.23393938805891437,4.0,0
589,0.18640509936495886,4.0,1
590,0.23430417927821687,4.0,0
590,0.18746480189037484,4.0,1
591,0.23466696127826292,4.0,0
591,0.18852473844460824,4.0,1
592,0.23502773648950714,4.0,0
592,0.18958484664207131,4.0,1
593,0.2353865074336311,4.0,0
593,0.190645064221293,4.0,1
594,0.23574327672269174,4.0,0
594,0.19170532906611032,4.0,1
595,0.236098047058274,4.0,0
595,0.19276557922676663,4.0,1
596,0.23645082123064884,4.0,0
596,0.19382575294089896,4.0,1
597,0.236801602117935,4.0,0
597,0.1948857886544008,4.0,1
598,0.2371503926852631,4.0,0
598,0.19594562504214408,4.0,1
599,0.2374971959839467,4.0,0
599,0.19700520102854552,4.0,1
600,0.23784201515065356,4.0,0
600,0.19806445580796386,4.0,1
601,0.23818485340658177,4.0,0
601,0.19912332886491124,4.0,1
602,0.23852571405663972,4.0,0
602,0.20018175999406637,4.0,1
603,0.23886460048862726,4.0,0
603,0.2012396893200736,4.0,1
604,0.23920151617242136,4.0,0
604,0.2022970573171151,4.0,1
605,0.239536464659163,4.0,0
605,0.20335380482824192,4.0,1
606,0.23986944958044762,4.0,0
606,0.20440987308444977,4.0,1
607,0.24020047464751668,4.0,0
607,0.20546520372348756,4.0,1
608,0.24052954365045234,4.0,0
608,0.2065197388083838,4.0,1
609,0.24085666045737353,4.0,0
609,0.2075734208456801,4.0,1
610,0.24118182901363355,4.0,0
610,0.208626192803357,4.0,1
611,0.24150505334101968,4.0,0
611,0.20967799812844107,4.0,1
612,0.24182633753695446,4.0,0
612,0.21072878076428125,4.0,1
613,0.24214568577369688,4.0,0
613,0.21177848516748188,4.0,1
614,0.2424631022975464,4.0,0
614,0.21282705632448132,4.0,1
615,0.24277859142804675,4.0,0
615,0.21387443976776485,4.0,1
616,0.24309215755719138,4.0,0
616,0.2149205815917009,4.0,1
617,0.24340380514862897,4.0,0
617,0.2159654284679901,4.0,1
618,0.24371353873686932,4.0,0
618,0.21700892766071608,4.0,1
619,0.24402136292649124,4.0,0
619,0.21805102704098966,4.0,1
620,0.24432728239134818,4.0,0
620,0.2190916751011744,4.0,1
621,0.24463130187377718,4.0,0
621,0.2201308209686864,4.0,1
622,0.2449334261838046,4.0,0
622,0.2211684144193587,4.0,1
623,0.24523366019835519,4.0,0
623,0.22220440589036045,4.0,1
624,0.24553200886045776,4.0,0
624,0.22323874649266412,4.0,1
625,0.2458284771784538,4.0,0
625,0.22427138802305294,4.0,1
626,0.24612307022520355,4.0,0
626,0.22530228297565968,4.0,1
627,0.24641579313729303,4.0,0
627,0.22633138455303134,4.0,1
628,0.24670665111423917,4.0,0
628,0.22735864667671213,4.0,1
629,0.24699564941769683,4.0,0
629,0.22838402399733895,4.0,1
630,0.24728279337066286,4.0,0
630,0.22940747190424354,4.0,1
631,0.24756808835668093,4.0,0
631,0.23042894653455556,4.0,1
632,0.24785153981904542,4.0,0
632,0.23144840478180315,4.0,1
633,0.24813315326000437,4.0,0
633,0.23246580430400457,4.0,1
634,0.24841293423996205,4.0,0
634,0.23348110353124782,4.0,1
635,0.24869088837668016,4.0,0
635,0.23449426167275633,4.0,1
636,0.2489670213444791,4.0,0
636,0.2355052387234348,4.0,1
637,0.24924133887343783,4.0,0
637,0.23651399546989546,4.0,1
638,0.24951384674859278,4.0,0
638,0.23752049349596024,4.0,1
639,0.24978455080913656,4.0,0
639,0.23852469518764097,4.0,1
640,0.2500534569476148,4.0,0
640,0.23952656373759149,4.0,1
641,0.25032057110912365,4.0,0
641,0.24052606314903674,4.0,1
642,0.2505858992905043,4.0,0
642,0.2415231582391745,4.0,1
643,0.25084944753953914,4.0,0
643,0.24251781464205321,4.0,1
644,0.25111122195414504,4.0,0
644,0.24350999881092467,4.0,1
645,0.251371228681567,4.0,0
645,0.2444996780200755,4.0,1
646,0.25162947391757035,4.0,0
646,0.24548682036613775,4.0,1
647,0.2518859639056328,4.0,0
647,0.24647139476888147,4.0,1
648,0.2521407049361355,4.0,0
648,0.24745337097149314,4.0,1
649,0.25239370334555333,4.0,0
649,0.24843271954034332,4.0,1
650,0.25264496551564475,4.0,0
650,0.24940941186424648,4.0,1
651,0.25289449787264073,4.0,0
651,0.25038342015321957,4.0,1
652,0.2531423068864342,4.0,0
652,0.2513547174367417,4.0,1
653,0.25338839906976707,4.0,0
653,0.25232327756152456,4.0,1
654,0.2536327809774195,4.0,0
654,0.2532890751887945,4.0,1
655,0.2538754592053959,4.0,0
655,0.2542520857910967,4.0,1
656,0.2541164403901136,4.0,0
656,0.2552122856486263,4.0,1
657,0.2543557312075888,4.0,0
657,0.25616965184509505,4.0,1
658,0.2545933383726238,4.0,0
658,0.2571241622631388,4.0,1
659,0.2548292686379943,4.0,0
659,0.2580757955792784,4.0,1
660,0.25506352879363603,4.0,0
660,0.25902453125843705,4.0,1
661,0.2552961256658313,4.0,0
661,0.2599703495480265,4.0,1
662,0.2555270661163974,4.0,0
662,0.26091323147161144,4.0,1
663,0.25575635704187366,4.0,0
663,0.26185315882215926,4.0,1
664,0.2559840053727088,4.0,0
664,0.26279011415488723,4.0,1
665,0.25621001807245086,4.0,0
665,0.26372408077971615,4.0,1
666,0.2564344021369352,4.0,0
666,0.2646550427533415,4.0,1
667,0.256657164593475,4.0,0
667,0.26558298487093224,4.0,1
668,0.25687831250005155,4.0,0
668,0.2665078926574693,4.0,1
669,0.2570978529445062,4.0,0
669,0.2674297523587334,4.0,1
670,0.2573157930437327,4.0,0
670,0.2683485509319548,4.0,1
671,0.2575321399428712,4.0,0
671,0.2692642760361371,4.0,1
672,0.2577469008145029,4.0,0
672,0.2701769160220647,4.0,1
673,0.2579600828578471,4.0,0
673,0.2710864599220089,4.0,1
674,0.2581716932979585,4.0,0
674,0.271992897439142,4.0,1
675,0.25838173938492714,4.0,0
675,0.27289621893667326,4.0,1
676,0.25859022839307894,4.0,0
676,0.2737964154267184,4.0,1
677,0.2587971676201794,4.0,0
677,0.27469347855891635,4.0,1
678,0.2590025643866386,4.0,0
678,0.2755874006088035,4.0,1
679,0.25920642603471755,4.0,0
679,0.27647817446595974,4.0,1
680,0.2594087599277383,4.0,0
680,0.27736579362193925,4.0,1
681,0.25960957344929486,4.0,0
681,0.2782502521579968,4.0,1
682,0.2598088740024677,4.0,0
682,0.27913154473262397,4.0,1
683,0.26000666900904007,4.0,0
683,0.2800096665689074,4.0,1
684,0.2602029659087171,4.0,0
684,0.2808846134417221,4.0,1
685,0.26039777215834825,4.0,0
685,0.28175638166477074,4.0,1
686,0.2605910952311525,4.0,0
686,0.28262496807748483,4.0,1
687,0.26078294261594537,4.0,0
687,0.28349037003179667,4.0,1
688,0.26097332181637134,4.0,0
688,0.2843525853787971,4.0,1
689,0.2611622403501373,4.0,0
689,0.28521161245529053,4.0,1
690,0.26134970574825167,4.0,0
690,0.2860674500702594,4.0,1
691,0.2615357255542645,4.0,0
691,0.2869200974912508,4.0,1
692,0.2617203073235138,4.0,0
692,0.28776955443069696,4.0,1
693,0.26190345862237363,4.0,0
693,0.28861582103218236,4.0,1
694,0.2620851870275071,4.0,0
694,0.2894588978566679,4.0,1
695,0.2622655001251234,4.0,0
695,0.2902987858686853,4.0,1
696,0.2624444055102384,4.0,0
696,0.29113548642251247,4.0,1
697,0.2626219107859402,4.0,0
697,0.2919690012483427,4.0,1
698,0.26279802356265813,4.0,0
698,0.29279933243845685,4.0,1
699,0.2629727514574369,4.0,0
699,0.2936264824334111,4.0,1
700,0.26314610209321576,4.0,0
700,0.29445045400825165,4.0,1
701,0.263318083098111,4.0,0
701,0.2952712502587662,4.0,1
702,0.26348870210470404,4.0,0
702,0.296088874587783,4.0,1
703,0.2636579667493352,4.0,0
703,0.2969033306915291,4.0,1
704,0.26382588467140083,4.0,0
704,0.29771462254605585,4.0,1
705,0.2639924635126569,4.0,0
705,0.2985227543937459,4.0,1
706,0.26415771091652707,4.0,0
706,0.29932773072990543,4.0,1
707,0.26432163452741625,4.0,0
707,0.300129556289458,4.0,1
708,0.2644842419900304,4.0,0
708,0.3009282360337451,4.0,1
709,0.2646455409487001,4.0,0
709,0.30172377513744414,4.0,1
710,0.26480553904671156,4.0,0
710,0.3025161789756139,4.0,1
711,0.26496424392564194,4.0,0
711,0.30330545311087465,4.0,1
712,0.26512166322470143,4.0,0
712,0.30409160328073404,4.0,1
713,0.26527780458008104,4.0,0
713,0.3048746353850643,4.0,1
714,0.2654326756243053,4.0,0
714,0.30565455547374215,4.0,1
715,0.2655862839855928,4.0,0
715,0.30643136973445745,4.0,1
716,0.2657386372872217,4.0,0
716,0.3072050844807002,4.0,1
717,0.26588974314690095,4.0,0
717,0.3079757061399316,4.0,1
718,0.26603960917615027,4.0,0
718,0.3087432412419479,4.0,1
719,0.2661882429796829,4.0,0
719,0.3095076964074457,4.0,1
720,0.26633565215479793,4.0,0
720,0.31026907833679157,4.0,1
721,0.2664818442907773,4.0,0
721,0.3110273937990083,4.0,1
722,0.2666268269682906,4.0,0
722,0.3117826496209801,4.0,1
723,0.2667706077588053,4.0,0
723,0.31253485267688447,4.0,1
724,0.26691319422400467,4.0,0
724,0.31328400987785804,4.0,1
725,0.2670545939152117,4.0,0
725,0.3140301281619003,4.0,1
726,0.2671948143728216,4.0,0
726,0.3147732144840233,4.0,1
727,0.267333863125738,4.0,0
727,0.3155132758066501,4.0,1
728,0.2674717476908193,4.0,0
728,0.31625031909026907,4.0,1
729,0.26760847557233,4.0,0
729,0.316984351284349,4.0,1
730,0.26774405426140024,4.0,0
730,0.3177153793185179,4.0,1
731,0.2678784912354921,4.0,0
731,0.31844341009401317,4.0,1
732,0.2680117939578722,4.0,0
732,0.31916845047540343,4.0,1
733,0.2681439698770925,4.0,0
733,0.31989050728258983,4.0,1
734,0.26827502642647827,4.0,0
734,0.3206095872830884,4.0,1
735,0.26840497102362293,4.0,0
735,0.3213256971845961,4.0,1
736,0.2685338110698897,4.0,0
736,0.32203884362784696,4.0,1
737,0.26866155394992236,4.0,0
737,0.32274903317975834,4.0,1
738,0.2687882070311609,4.0,0
738,0.323456272326871,4.0,1
739,0.26891377766336655,4.0,0
739,0.3241605674690856,4.0,1
740,0.2690382731781531,4.0,0
740,0.32486192491369814,4.0,1
741,0.26916170088852653,4.0,0
741,0.3255603508697346,4.0,1
742,0.2692840680884308,4.0,0
742,0.32625585144258884,4.0,1
743,0.26940538205230213,4.0,0
743,0.32694843262896356,4.0,1
744,0.2695256500346309,4.0,0
744,0.32763810031211443,4.0,1
745,0.26964487926952996,4.0,0
745,0.3283248602574018,4.0,1
746,0.26976307697031143,4.0,0
746,0.329008718108146,4.0,1
747,0.2698802503290704,4.0,0
747,0.3296896793817902,4.0,1
748,0.2699964065162766,4.0,0
748,0.330367749466368,4.0,1
749,0.2701115526803731,4.0,0
749,0.33104293361727777,4.0,1
750,0.270225695947383,4.0,0
750,0.3317152369543625,4.0,1
751,0.27033884342052283,4.0,0
751,0.3323846644592918,4.0,1
752,0.27045100217982515,4.0,0
752,0.3330512209732502,4.0,1
753,0.2705621792817658,4.0,0
753,0.333714911194924,4.0,1
754,0.27067238175890157,4.0,0
754,0.3343757396787909,4.0,1
755,0.2707816166195136,4.0,0
755,0.3350337108337053,4.0,1
756,0.2708898908472594,4.0,0
756,0.3356888289217819,4.0,1
757,0.2709972114008302,4.0,0
757,0.33634109805757023,4.0,1
758,0.27110358521361816,4.0,0
758,0.33699052220752157,4.0,1
759,0.27120901919339013,4.0,0
759,0.3376371051897422,4.0,1
760,0.2713135202219682,4.0,0
760,0.33828085067403146,4.0,1
761,0.27141709515491785,4.0,0
761,0.33892176218219966,4.0,1
762,0.27151975082124413,4.0,0
762,0.33955984308866344,4.0,1
763,0.27162149402309443,4.0,0
763,0.34019509662131336,4.0,1
764,0.27172233153546876,4.0,0
764,0.3408275258626492,4.0,1
765,0.271822270105937,4.0,0
765,0.3414571337511811,4.0,1
766,0.27192131645436424,4.0,0
766,0.34208392308308505,4.0,1
767,0.27201947727264214,4.0,0
767,0.34270789651411754,4.0,1
768,0.272116759224428,4.0,0
768,0.34332905656177404,4.0,1
769,0.2722131689448912,4.0,0
769,0.34394740560769316,4.0,1
770,0.2723087130404667,4.0,0
770,0.3445629459002964,4.0,1
771,0.2724033980886142,4.0,0
771,0.34517567955765927,4.0,1
772,0.27249723063758635,4.0,0
772,0.34578560857060786,4.0,1
773,0.27259021720620313,4.0,0
773,0.3463927348060328,4.0,1
774,0.2726823642836316,4.0,0
774,0.34699706001041675,4.0,1
775,0.27277367832917515,4.0,0
775,0.34759858581356545,4.0,1
776,0.2728641657720675,4.0,0
776,0.34819731373253776,4.0,1
777,0.27295383301127474,4.0,0
777,0.3487932451757673,4.0,1
778,0.2730426864153027,4.0,0
778,0.34938638144736667,4.0,1
779,0.2731307323220124,4.0,0
779,0.34997672375160876,4.0,1
780,0.27321797703844164,4.0,0
780,0.3505642731975781,4.0,1
781,0.2733044268406316,4.0,0
781,0.35114903080398135,4.0,1
782,0.27339008797346287,4.0,0
782,0.3517309975041128,4.0,1
783,0.2734749666504959,4.0,0
783,0.3523101741509642,4.0,1
784,0.27355906905381744,4.0,0
784,0.35288656152247355,4.0,1
785,0.2736424013338948,4.0,0
785,0.3534601603269008,4.0,1
786,0.2737249696094353,4.0,0
786,0.35403097120832805,4.0,1
787,0.27380677996725267,4.0,0
787,0.35459899475226986,4.0,1
788,0.2738878384621388,4.0,0
788,0.3551642314913891,4.0,1
789,0.27396815111674155,4.0,0
789,0.35572668191130946,4.0,1
790,0.2740477239214498,4.0,0
790,0.3562863464565151,4.0,1
791,0.27412656283428305,4.0,0
791,0.35684322553633,4.0,1
792,0.27420467378078683,4.0,0
792,0.3573973195309682,4.0,1
793,0.2742820626539357,4.0,0
793,0.3579486287976467,4.0,1
794,0.27435873531403987,4.0,0
794,0.3584971536767509,4.0,1
795,0.2744346975886587,4.0,0
795,0.35904289449804816,4.0,1
796,0.2745099552725197,4.0,0
796,0.35958585158693684,4.0,1
797,0.2745845141274423,4.0,0
797,0.36012602527072274,4.0,1
798,0.2746583798822681,4.0,0
798,0.36066341588491974,4.0,1
799,0.2747315582327963,4.0,0
799,0.36119802377955834,4.0,1
800,0.2748040548417237,4.0,0
800,0.36172984932550106,4.0,1
801,0.27487587533859087,4.0,0
801,0.3622588929207523,4.0,1
802,0.2749470253197331,4.0,0
802,0.3627851549967563,4.0,1
803,0.2750175103482364,4.0,0
803,0.36330863602467417,4.0,1
804,0.2750873359538992,4.0,0
804,0.3638293365216338,4.0,1
805,0.2751565076331979,4.0,0
805,0.36434725705694376,4.0,1
806,0.27522503084925803,4.0,0
806,0.3648623982582626,4.0,1
807,0.2752929110318308,4.0,0
807,0.3653747608177188,4.0,1
808,0.2753601535772727,4.0,0
808,0.3658843454979718,4.0,1
809,0.2754267638485323,4.0,0
809,0.36639115313820775,4.0,1
810,0.2754927471751391,4.0,0
810,0.36689518466006227,4.0,1
811,0.2755581088531986,4.0,0
811,0.3673964410734648,4.0,1
812,0.27562285414539117,4.0,0
812,0.3678949234823966,4.0,1
813,0.2756869882809758,4.0,0
813,0.3683906330905562,4.0,1
814,0.27575051645579796,4.0,0
814,0.3688835712069263,4.0,1
815,0.27581344383230116,4.0,0
815,0.3693737392512359,4.0,1
816,0.27587577553954334,4.0,0
816,0.36986113875931226,4.0,1
817,0.27593751667321786,4.0,0
817,0.3703457713883144,4.0,1
818,0.27599867229567765,4.0,0
818,0.3708276389218473,4.0,1
819,0.2760592474359634,4.0,0
819,0.3713067432749477,4.0,1
820,0.27611924708983576,4.0,0
820,0.3717830864989374,4.0,1
821,0.2761786762198124,4.0,0
821,0.3722566707861404,4.0,1
822,0.2762375397552074,4.0,0
822,0.372727498474458,4.0,1
823,0.27629584259217443,4.0,0
823,0.3731955720517987,4.0,1
824,0.27635358959375494,4.0,0
824,0.37366089416035686,4.0,1
825,0.2764107855899287,4.0,0
825,0.3741234676007392,4.0,1
826,0.2764674353776679,4.0,0
826,0.3745832953359327,4.0,1
827,0.2765235437209952,4.0,0
827,0.37504038049511246,4.0,1
828,0.2765791153510446,4.0,0
828,0.3754947263772854,4.0,1
829,0.2766341549661266,4.0,0
829,0.37594633645476755,4.0,1
830,0.27668866723179447,4.0,0
830,0.3763952143764917,4.0,1
831,0.27674265678091614,4.0,0
831,0.3768413639711442,4.0,1
832,0.276796128213748,4.0,0
832,0.37728478925012704,4.0,1
833,0.2768490860980111,4.0,0
833,0.3777254944103447,4.0,1
834,0.2769015349689714,4.0,0
834,0.3781634838368162,4.0,1
835,0.27695347932952297,4.0,0
835,0.37859876210510374,4.0,1
836,0.27700492365027235,4.0,0
836,0.3790313339835667,4.0,1
837,0.277055872369628,4.0,0
837,0.3794612044354325,4.0,1
838,0.27710632989389067,4.0,0
838,0.37988837862068847,4.0,1
839,0.27715630059734686,4.0,0
839,0.38031286189778973,4.0,1
840,0.2772057888223655,4.0,0
840,0.3807346598251884,4.0,1
841,0.27725479887949656,4.0,0
841,0.38115377816267965,4.0,1
842,0.27730333504757154,4.0,0
842,0.3815702228725682,4.0,1
843,0.27735140157380767,4.0,0
843,0.38198400012065326,4.0,1
844,0.27739900267391326,4.0,0
844,0.3823951162770344,4.0,1
845,0.27744614253219607,4.0,0
845,0.3828035779167386,4.0,1
846,0.2774928253016732,4.0,0
846,0.38320939182017133,4.0,1
847,0.277539055104184,4.0,0
847,0.3836125649733902,4.0,1
848,0.277584836030504,4.0,0
848,0.38401310456820426,4.0,1
849,0.2776301721404618,4.0,0
849,0.38441101800210264,4.0,1
850,0.2776750674630571,4.0,0
850,0.38480631287801137,4.0,1
851,0.2777195259965815,4.0,0
851,0.38519899700388194,4.0,1
852,0.27776355170874045,4.0,0
852,0.3855890783921157,4.0,1
853,0.2778071485367773,4.0,0
853,0.3859765652588241,4.0,1
854,0.2778503203875995,4.0,0
854,0.3863614660229271,4.0,1
855,0.27789307113790473,4.0,0
855,0.38674378930509684,4.0,1
856,0.27793540463431177,4.0,0
856,0.38712354392654447,4.0,1
857,0.27797732469348957,4.0,0
857,0.38750073890765685,4.0,1
858,0.2780188351022904,4.0,0
858,0.38787538346648437,4.0,1
859,0.2780599396178833,4.0,0
859,0.38824748701708545,4.0,1
860,0.2781006419678885,4.0,0
860,0.3886170591677277,4.0,1
861,0.27814094585051496,4.0,0
861,0.38898410971895453,4.0,1
862,0.2781808549346976,4.0,0
862,0.3893486486615156,4.0,1
863,0.27822037286023577,4.0,0
863,0.3897106861741687,4.0,1
864,0.2782595032379349,4.0,0
864,0.3900702326213563,4.0,1
865,0.27829824964974664,4.0,0
865,0.3904272985507592,4.0,1
866,0.2783366156489127,4.0,0
866,0.39078189469073266,4.0,1
867,0.27837460476010717,4.0,0
867,0.3911340319476298,4.0,1
868,0.27841222047958236,4.0,0
868,0.391483721403015,4.0,1
869,0.27844946627531425,4.0,0
869,0.39183097431077285,4.0,1
870,0.2784863455871492,4.0,0
870,0.39217580209411573,4.0,1
871,0.27852286182695113,4.0,0
871,0.3925182163424953,4.0,1
872,0.2785590183787507,4.0,0
872,0.3928582288084232,4.0,1
873,0.2785948185988943,4.0,0
873,0.3931958514042014,4.0,1
874,0.2786302658161942,4.0,0
874,0.3935310961985729,4.0,1
875,0.2786653633320791,4.0,0
875,0.39386397541329116,4.0,1
876,0.2787001144207463,4.0,0
876,0.3941945014196167,4.0,1
877,0.2787345223293135,4.0,0
877,0.3945226867347425,4.0,1
878,0.2787685902779717,4.0,0
878,0.3948485440181557,4.0,1
879,0.27880232146013884,4.0,0
879,0.3951720860679365,4.0,1
880,0.2788357190426135,4.0,0
880,0.395493325817002,4.0,1
881,0.27886878616572996,4.0,0
881,0.39581227632929583,4.0,1
882,0.27890152594351236,4.0,0
882,0.3961289507959321,4.0,1
883,0.2789339414638312,4.0,0
883,0.3964433625312924,4.0,1
884,0.2789660357885582,4.0,0
884,0.39675552496908784,4.0,1
885,0.2789978119537235,4.0,0
885,0.39706545165837953,4.0,1
886,0.27902927296967117,4.0,0
886,0.3973731562595737,4.0,1
887,0.2790604218212172,4.0,0
887,0.3976786525403853,4.0,1
888,0.27909126146780616,4.0,0
888,0.39798195437178135,4.0,1
889,0.2791217948436684,4.0,0
889,0.3982830757239024,4.0,1
890,0.27915202485797813,4.0,0
890,0.39858203066196957,4.0,1
891,0.27918195439501114,4.0,0
891,0.3988788333421806,4.0,1
892,0.27921158631430293,4.0,0
892,0.39917349800759644,4.0,1
893,0.27924092345080637,4.0,0
893,0.399466038984024,4.0,1
894,0.27926996861505027,4.0,0
894,0.39975647067589853,4.0,1
895,0.27929872459329796,4.0,0
895,0.4000448075621663,4.0,1
896,0.2793271941477049,4.0,0
896,0.4003310641921764,4.0,1
897,0.27935538001647786,4.0,0
897,0.4006152551815795,4.0,1
898,0.2793832849140327,4.0,0
898,0.4008973952082385,4.0,1
899,0.2794109115311529,4.0,0
899,0.401177499008156,4.0,1
900,0.27943826253514775,4.0,0
900,0.4014555813714192,4.0,1
901,0.27946534057001093,4.0,0
901,0.40173165713816594,4.0,1
902,0.27949214825657803,4.0,0
902,0.4020057411945753,4.0,1
903,0.27951868819268444,4.0,0
903,0.4022778484688838,4.0,1
904,0.2795449629533241,4.0,0
904,0.40254799392743296,4.0,1
905,0.27957097509080625,4.0,0
905,0.4028161925707444,4.0,1
906,0.27959672713491296,4.0,0
906,0.40308245942963494,4.0,1
907,0.27962222159305644,4.0,0
907,0.403346809561362,4.0,1
908,0.2796474609504362,4.0,0
908,0.4036092580458124,4.0,1
909,0.2796724476701959,4.0,0
909,0.40386981998172833,4.0,1
910,0.2796971841935787,4.0,0
910,0.40412851048297915,4.0,1
911,0.27972167294008526,4.0,0
911,0.404385344674874,4.0,1
912,0.27974591630762785,4.0,0
912,0.40464033769052427,4.0,1
913,0.2797699166726864,4.0,0
913,0.40489350466725144,4.0,1
914,0.27979367639046443,4.0,0
914,0.4051448607430461,4.0,1
915,0.2798171977950426,4.0,0
915,0.40539442105307716,4.0,1
916,0.2798404831995338,4.0,0
916,0.4056422007262547,4.0,1
917,0.27986353489623705,4.0,0
917,0.4058882148818446,4.0,1
918,0.27988635515679094,4.0,0
918,0.4061324786261402,4.0,1
919,0.27990894623232687,4.0,0
919,0.40637500704918994,4.0,1
920,0.27993131035362157,4.0,0
920,0.4066158152215798,4.0,1
921,0.2799534497312497,4.0,0
921,0.40685491819127756,4.0,1
922,0.27997536655573496,4.0,0
922,0.4070923309805341,4.0,1
923,0.2799970629977019,4.0,0
923,0.4073280685828438,4.0,1
924,0.28001854120802655,4.0,0
924,0.40756214595996726,4.0,1
925,0.28003980331798656,4.0,0
925,0.40779457803901337,4.0,1
926,0.28006085143941056,4.0,0
926,0.4080253797095868,4.0,1
927,0.2800816876648281,4.0,0
927,0.40825456582099134,4.0,1
928,0.2801023140676176,4.0,0
928,0.40848215117950304,4.0,1
929,0.28012273270215454,4.0,0
929,0.4087081505457004,4.0,1
930,0.2801429456039591,4.0,0
930,0.40893257863186244,4.0,1
931,0.28016295478984293,4.0,0
931,0.4091554500994259,4.0,1
932,0.28018276225805516,4.0,0
932,0.40937677955651064,4.0,1
933,0.28020236998842823,4.0,0
933,0.4095965815555032,4.0,1
934,0.28022177994252345,4.0,0
934,0.4098148705907111,4.0,1
935,0.2802409940637744,4.0,0
935,0.41003166109607314,4.0,1
936,0.28026001427763175,4.0,0
936,0.41024696744293865,4.0,1
937,0.2802788424917056,4.0,0
937,0.41046080393790846,4.0,1
938,0.2802974805959079,4.0,0
938,0.4106731848207373,4.0,1
939,0.2803159304625958,4.0,0
939,0.41088412426230275,4.0,1
940,0.28033419394671033,4.0,0
940,0.4110936363626337,4.0,1
941,0.28035227288591913,4.0,0
941,0.4113017351490019,4.0,1
942,0.2803701691007545,4.0,0
942,0.4115084345740761,4.0,1
943,0.280387884394754,4.0,0
943,0.4117137485141366,4.0,1
944,0.2804054205545977,4.0,0
944,0.4119176907673516,4.0,1
945,0.2804227793502468,4.0,0
945,0.41212027505211357,4.0,1
946,0.28043996253507925,4.0,0
946,0.4123215150054352,4.0,1
947,0.28045697184602786,4.0,0
947,0.4125214241814058,4.0,1
948,0.28047380900371466,4.0,0
948,0.4127200160497042,4.0,1
949,0.28049047571258573,4.0,0
949,0.4129173039941729,4.0,1
950,0.2805069736610459,4.0,0
950,0.41311330131144586,4.0,1
951,0.2805233045215915,4.0,0
951,0.41330802120963683,4.0,1
952,0.28053946995094364,4.0,0
952,0.41350147680707927,4.0,1
953,0.28055547159017935,4.0,0
953,0.4136936811311262,4.0,1
954,0.28057131106486327,4.0,0
954,0.4138846471170012,4.0,1
955,0.28058698998517806,4.0,0
955,0.4140743876067028,4.0,1
956,0.28060250994605357,4.0,0
956,0.4142629153479656,4.0,1
957,0.28061787252729603,4.0,0
957,0.41445024299326766,4.0,1
958,0.2806330792937162,4.0,0
958,0.41463638309889406,4.0,1
959,0.28064813179525677,4.0,0
959,0.41482134812404786,4.0,1
960,0.2806630315671188,4.0,0
960,0.41500515043001207,4.0,1
961,0.28067778012988714,4.0,0
961,0.4151878022793589,4.0,1
962,0.2806923789896564,4.0,0
962,0.4153693158352074,4.0,1
963,0.2807068296381547,4.0,0
963,0.4155497031605278,4.0,1
964,0.2807211335528668,4.0,0
964,0.41572897621749255,4.0,1
965,0.2807352921971577,4.0,0
965,0.4159071468668693,4.0,1
966,0.2807493070203938,4.0,0
966,0.4160842268674632,4.0,1
967,0.28076317945806456,4.0,0
967,0.4162602278755959,4.0,1
968,0.2807769109319024,4.0,0
968,0.41643516144463305,4.0,1
969,0.2807905028500031,4.0,0
969,0.41660903902454727,4.0,1
970,0.28080395660694385,4.0,0
970,0.416781871961527,4.0,1
971,0.28081727358390174,4.0,0
971,0.41695367149761997,4.0,1
972,0.28083045514877053,4.0,0
972,0.4171244487704184,4.0,1
973,0.28084350265627794,4.0,0
973,0.41729421481277995,4.0,1
974,0.28085641744810075,4.0,0
974,0.4174629805525868,4.0,1
975,0.28086920085297934,4.0,0
975,0.4176307568125388,4.0,1
976,0.28088185418683337,4.0,0
976,0.417797554309983,4.0,1
977,0.2808943787528728,4.0,0
977,0.41796338365677593,4.0,1
978,0.28090677584171314,4.0,0
978,0.41812825535917975,4.0,1
979,0.2809190467314846,4.0,0
979,0.4182921798177896,4.0,1
980,0.2809311926879452,4.0,0
980,0.4184551673274932,4.0,1
981,0.2809432149645898,4.0,0
981,0.41861722807746043,4.0,1
982,0.2809551148027596,4.0,0
982,0.4187783721511616,4.0,1
983,0.2809668934317519,4.0,0
983,0.41893860952641504,4.0,1
984,0.2809785520689263,4.0,0
984,0.419097950075463,4.0,1
985,0.2809900919198131,4.0,0
985,0.41925640356507365,4.0,1
986,0.2810015141782195,4.0,0
986,0.41941397965666766,4.0,1
987,0.28101282002633465,4.0,0
987,0.4195706879064748,4.0,1
988,0.2810240106348346,4.0,0
988,0.4197265377657087,4.0,1
989,0.2810350871629867,4.0,0
989,0.41988153858076976,4.0,1
990,0.2810460507587522,4.0,0
990,0.42003569959346926,4.0,1
991,0.2810569025588897,4.0,0
991,0.4201890299412759,4.0,1
992,0.28106764368905623,4.0,0
992,0.4203415386575824,4.0,1
993,0.28107827526390783,4.0,0
993,0.42049323467199423,4.0,1
994,0.281088798387201,4.0,0
994,0.420644126810638,4.0,1
995,0.2810992141518909,4.0,0
995,0.4207942237964872,4.0,1
996,0.28110952364023073,4.0,0
996,0.4209435342497075,4.0,1
997,0.2811197279238697,4.0,0
997,0.4210920666880202,4.0,1
998,0.28112982806394965,4.0,0
998,0.4212398295270808,4.0,1
999,0.2811398251112023,4.0,0
999,0.4213868310808764,4.0,1
0,0.008752128279881194,5.0,0
0,0.0003393787339826173,5.0,1
1,0.008843078621780258,5.0,0
1,0.000343491890023183,5.0,1
2,0.008934949266941793,5.0,0
2,0.00034765604072341407,5.0,1
3,0.009027748898973523,5.0,0
3,0.0003518718330614856,5.0,1
4,0.009121486268149546,5.0,0
4,0.0003561399223996737,5.0,1
5,0.009216170191527212,5.0,0
5,0.00036046097259465434,5.0,1
6,0.009311809553051551,5.0,0
6,0.0003648356561092529,5.0,1
7,0.009408413303646689,5.0,0
7,0.000369264654125664,5.0,1
8,0.009505990461293879,5.0,0
8,0.00037374865666016,5.0,1
9,0.009604550111095638,5.0,0
9,0.00037828836267930657,5.0,1
10,0.009704101405325459,5.0,0
10,0.0003828844802177078,5.0,1
11,0.009804653563462717,5.0,0
11,0.00038753772649729394,5.0,1
12,0.009906215872212137,5.0,0
12,0.0003922488280481767,5.0,1
13,0.010008797685507378,5.0,0
13,0.00039701852083108953,5.0,1
14,0.010112408424498147,5.0,0
14,0.0004018475503614343,5.0,1
15,0.010217057577520424,5.0,0
15,0.0004067366718349516,5.0,1
16,0.010322754700049019,5.0,0
16,0.0004116866502550368,5.0,1
17,0.010429509414632126,5.0,0
17,0.0004166982605617261,5.0,1
18,0.010537331410807118,5.0,0
18,0.00042177228776236526,5.0,1
19,0.010646230444997084,5.0,0
19,0.0004269095270639891,5.0,1
20,0.010756216340387472,5.0,0
20,0.00043211078400743106,5.0,1
21,0.010867298986782214,5.0,0
21,0.0004373768746031817,5.0,1
22,0.010979488340438704,5.0,0
22,0.00044270862546902183,5.0,1
23,0.011092794423880926,5.0,0
23,0.0004481068739694491,5.0,1
24,0.01120722732569025,5.0,0
24,0.0004535724683569229,5.0,1
25,0.011322797200272976,5.0,0
25,0.00045910626791494547,5.0,1
26,0.011439514267604122,5.0,0
26,0.00046470914310300855,5.0,1
27,0.011557388812946691,5.0,0
27,0.0004703819757034209,5.0,1
28,0.011676431186545733,5.0,0
28,0.0004761256589700465,5.0,1
29,0.011796651803296416,5.0,0
29,0.00048194109777897063,5.0,1
30,0.011918061142385456,5.0,0
30,0.00048782920878112315,5.0,1
31,0.012040669746905087,5.0,0
31,0.0004937909205568775,5.0,1
32,0.012164488223438866,5.0,0
32,0.0004998271737726527,5.0,1
33,0.012289527241618449,5.0,0
33,0.000505938921339541,5.0,1
34,0.01241579753365073,5.0,0
34,0.0005121271285739864,5.0,1
35,0.012543309893814263,5.0,0
35,0.000518392773360538,5.0,1
36,0.012672075177924466,5.0,0
36,0.0005247368463167032,5.0,1
37,0.012802104302766584,5.0,0
37,0.000531160350959925,5.0,1
38,0.012933408245495633,5.0,0
38,0.0005376643038767118,5.0,1
39,0.013065998043002527,5.0,0
39,0.0005442497348939403,5.0,1
40,0.013199884791245429,5.0,0
40,0.0005509176872523606,5.0,1
41,0.013335079644545628,5.0,0
41,0.0005576692177823293,5.0,1
42,0.013471593814846939,5.0,0
42,0.0005645053970817958,5.0,1
43,0.01360943857093774,5.0,0
43,0.0005714273096965677,5.0,1
44,0.013748625237634884,5.0,0
44,0.0005784360543028818,5.0,1
45,0.013889165194928473,5.0,0
45,0.0005855327438923125,5.0,1
46,0.014031069877086662,5.0,0
46,0.0005927185059590336,5.0,1
47,0.014174350771719524,5.0,0
47,0.0005999944826894734,5.0,1
48,0.014319019418801133,5.0,0
48,0.0006073618311543818,5.0,1
49,0.01446508740964893,5.0,0
49,0.0006148217235033398,5.0,1
50,0.014612566385859402,5.0,0
50,0.0006223753471617391,5.0,1
51,0.014761468038199261,5.0,0
51,0.0006300239050302613,5.0,1
52,0.014911804105451024,5.0,0
52,0.0006377686156868828,5.0,1
53,0.015063586373212345,5.0,0
53,0.0006456107135914323,5.0,1
54,0.015216826672647865,5.0,0
54,0.0006535514492927351,5.0,1
55,0.015371536879192915,5.0,0
55,0.0006615920896383684,5.0,1
56,0.015527728911208022,5.0,0
56,0.0006697339179870553,5.0,1
57,0.01568541472858334,5.0,0
57,0.0006779782344237341,5.0,1
58,0.01584460633129214,5.0,0
58,0.0006863263559773212,5.0,1
59,0.01600531575789241,5.0,0
59,0.0006947796168412075,5.0,1
60,0.01616755508397568,5.0,0
60,0.0007033393685965117,5.0,1
61,0.01633133642056235,5.0,0
61,0.0007120069804381222,5.0,1
62,0.016496671912442324,5.0,0
62,0.0007207838394035577,5.0,1
63,0.016663573736460557,5.0,0
63,0.0007296713506046745,5.0,1
64,0.016832054099746262,5.0,0
64,0.0007386709374622571,5.0,1
65,0.017002125237885267,5.0,0
65,0.0007477840419435114,5.0,1
66,0.01717379941303458,5.0,0
66,0.0007570121248025036,5.0,1
67,0.017347088911978434,5.0,0
67,0.0007663566658235657,5.0,1
68,0.017522006044125137,5.0,0
68,0.0007758191640677025,5.0,1
69,0.01769856313944393,5.0,0
69,0.0007854011381220311,5.0,1
70,0.017876772546341135,5.0,0
70,0.0007951041263522826,5.0,1
71,0.018056646629475204,5.0,0
71,0.0008049296871583989,5.0,1
72,0.018238197767509647,5.0,0
72,0.000814879399233251,5.0,1
73,0.018421438350803686,5.0,0
73,0.0008249548618245168,5.0,1
74,0.018606380779039783,5.0,0
74,0.0008351576949997451,5.0,1
75,0.018793037458787677,5.0,0
75,0.0008454895399146368,5.0,1
76,0.01898142080100461,5.0,0
76,0.0008559520590845767,5.0,1
77,0.01917154321847104,5.0,0
77,0.0008665469366594482,5.0,1
78,0.019363417123161863,5.0,0
78,0.0008772758787017565,5.0,1
79,0.019557054923552593,5.0,0
79,0.0008881406134681014,5.0,1
80,0.0197524690218603,5.0,0
80,0.0008991428916940203,5.0,1
81,0.01994967181121933,5.0,0
81,0.0009102844868822398,5.0,1
82,0.0201486756727915,5.0,0
82,0.0009215671955943661,5.0,1
83,0.02034949297281083,5.0,0
83,0.0009329928377460428,5.0,1
84,0.020552136059562787,5.0,0
84,0.000944563256905611,5.0,1
85,0.020756617260298312,5.0,0
85,0.0009562803205963011,5.0,1
86,0.02096294887808253,5.0,0
86,0.0009681459206019816,5.0,1
87,0.021171143188578812,5.0,0
87,0.0009801619732765123,5.0,1
88,0.02138121243676808,5.0,0
88,0.000992330419856712,5.0,1
89,0.02159316883360426,5.0,0
89,0.0010046532267789835,5.0,1
90,0.02180702455260603,5.0,0
90,0.0010171323859996283,5.0,1
91,0.022022791726385785,5.0,0
91,0.0010297699153188717,5.0,1
92,0.022240482443116334,5.0,0
92,0.0010425678587086358,5.0,1
93,0.022460108742936292,5.0,0
93,0.0010555282866440922,5.0,1
94,0.02268168261429501,5.0,0
94,0.0010686532964390102,5.0,1
95,0.022905215990238138,5.0,0
95,0.001081945012584951,5.0,1
96,0.023130720744634875,5.0,0
96,0.001095405587094318,5.0,1
97,0.02335820868834838,5.0,0
97,0.0011090371998473045,5.0,1
98,0.02358769156535036,5.0,0
98,0.001122842058942756,5.0,1
99,0.023819181048781682,5.0,0
99,0.0011368224010529905,5.0,1
100,0.02405268873696038,5.0,0
100,0.0011509804917825901,5.0,1
101,0.024288226149338888,5.0,0
101,0.001165318626031194,5.0,1
102,0.024525804722412357,5.0,0
102,0.001179839128360331,5.0,1
103,0.02476543580557993,5.0,0
103,0.0011945443533643017,5.0,1
104,0.025007130656961255,5.0,0
104,0.0012094366860451464,5.0,1
105,0.025250900439170283,5.0,0
105,0.001224518542191722,5.0,1
106,0.025496756215048814,5.0,0
106,0.001239792368762912,5.0,1
107,0.02574470894336235,5.0,0
107,0.0012552606442749943,5.0,1
108,0.02599476947446065,5.0,0
108,0.0012709258791931879,5.0,1
109,0.026246948545906063,5.0,0
109,0.0012867906163274074,5.0,1
110,0.026501256778072156,5.0,0
110,0.0013028574312322376,5.0,1
111,0.026757704669716005,5.0,0
111,0.0013191289326111633,5.0,1
112,0.027016302593526987,5.0,0
112,0.001335607762725062,5.0,1
113,0.027277060791655663,5.0,0
113,0.0013522965978049852,5.0,1
114,0.027539989371225752,5.0,0
114,0.0013691981484692487,5.0,1
115,0.027805098299833072,5.0,0
115,0.0013863151601448468,5.0,1
116,0.028072397401035044,5.0,0
116,0.0014036504134932093,5.0,1
117,0.028341896349834198,5.0,0
117,0.0014212067248403199,5.0,1
118,0.028613604668159986,5.0,0
118,0.0014389869466112015,5.0,1
119,0.028887531720352702,5.0,0
119,0.001456993967768798,5.0,1
120,0.02916368670865355,5.0,0
120,0.0014752307142572507,5.0,1
121,0.029442078668705143,5.0,0
121,0.0014937001494495935,5.0,1
122,0.029722716465066763,5.0,0
122,0.0015124052745998618,5.0,1
123,0.030005608786748784,5.0,0
123,0.0015313491292996493,5.0,1
124,0.030290764142770543,5.0,0
124,0.0015505347919390882,5.0,1
125,0.030578190857746573,5.0,0
125,0.0015699653801722942,5.0,1
126,0.03086789706750558,5.0,0
126,0.0015896440513872509,5.0,1
127,0.031159890714746785,5.0,0
127,0.001609574003180158,5.0,1
128,0.03145417954473883,5.0,0
128,0.001629758473834234,5.0,1
129,0.03175077110106551,5.0,0
129,0.0016502007428029844,5.0,1
130,0.03204967272142362,5.0,0
130,0.0016709041311979245,5.0,1
131,0.03235089153347753,5.0,0
131,0.001691872002280751,5.0,1
132,0.032654434450775545,5.0,0
132,0.0017131077619599805,5.0,1
133,0.032960308168732896,5.0,0
133,0.0017346148592920177,5.0,1
134,0.0332685191606864,5.0,0
134,0.0017563967869866667,5.0,1
135,0.03357907367402539,5.0,0
135,0.0017784570819170693,5.0,1
136,0.03389197772640437,5.0,0
136,0.0018007993256340484,5.0,1
137,0.03420723710204155,5.0,0
137,0.0018234271448848637,5.0,1
138,0.03452485734810869,5.0,0
138,0.0018463442121363367,5.0,1
139,0.03484484377121665,5.0,0
139,0.0018695542461023436,5.0,1
140,0.03516720143400155,5.0,0
140,0.001893061012275653,5.0,1
141,0.03549193515181594,5.0,0
141,0.0019168683234640754,5.0,1
142,0.0358190494895296,5.0,0
142,0.001940980040330907,5.0,1
143,0.03614854875844465,5.0,0
143,0.0019654000719396382,5.0,1
144,0.03648043701332868,5.0,0
144,0.001990132376302885,5.0,1
145,0.036814718049570615,5.0,0
145,0.0020151809609355253,5.0,1
146,0.037151395400463055,5.0,0
146,0.0020405498834119894,5.0,1
147,0.03749047233461504,5.0,0
147,0.002066243251927668,5.0,1
148,0.0378319518534989,5.0,0
148,0.0020922652258643978,5.0,1
149,0.03817583668913474,5.0,0
149,0.002118620016359978,5.0,1
150,0.038522129301915946,5.0,0
150,0.0021453118868816584,5.0,1
151,0.03887083187857856,5.0,0
151,0.0021723451538035645,5.0,1
152,0.039221946330317746,5.0,0
152,0.002199724186987979,5.0,1
153,0.039575474291054076,5.0,0
153,0.0022274534103704498,5.0,1
154,0.039931417115851485,5.0,0
154,0.0022555373025486282,5.0,1
155,0.04028977587948987,5.0,0
155,0.0022839803973748003,5.0,1
156,0.04065055137519373,5.0,0
156,0.002312787284552014,5.0,1
157,0.041013744113518685,5.0,0
157,0.002341962610233754,5.0,1
158,0.04137935432139739,5.0,0
158,0.002371511077627057,5.0,1
159,0.041747381941345474,5.0,0
159,0.0024014374475990084,5.0,1
160,0.04211782663082925,5.0,0
160,0.0024317465392865267,5.0,1
161,0.04249068776179465,5.0,0
161,0.002462443230709322,5.0,1
162,0.042865964420358414,5.0,0
162,0.0024935324593859786,5.0,1
163,0.043243655406661016,5.0,0
163,0.0025250192229530123,5.0,1
164,0.043623759234881286,5.0,0
164,0.0025569085797868306,5.0,1
165,0.044006274133411474,5.0,0
165,0.002589205649628473,5.0,1
166,0.044391198045192676,5.0,0
166,0.002621915614211014,5.0,1
167,0.044778528628208296,5.0,0
167,0.0026550437178895214,5.0,1
168,0.0451682632561345,5.0,0
168,0.0026885952682734293,5.0,1
169,0.04556039901914571,5.0,0
169,0.0027225756368612127,5.0,1
170,0.04595493272487272,5.0,0
170,0.0027569902596772024,5.0,1
171,0.04635186089951078,5.0,0
171,0.0027918446379104427,5.0,1
172,0.0467511797890752,5.0,0
172,0.0028271443385554018,5.0,1
173,0.047152885360800895,5.0,0
173,0.0028628949950543943,5.0,1
174,0.047556973304682656,5.0,0
174,0.0028991023079415934,5.0,1
175,0.047963439035152454,5.0,0
175,0.002935772045488408,5.0,1
176,0.0483722776928895,5.0,0
176,0.0029729100443501148,5.0,1
177,0.04878348414675923,5.0,0
177,0.003010522210213527,5.0,1
178,0.04919705299587628,5.0,0
178,0.0030486145184455355,5.0,1
179,0.04961297857178708,5.0,0
179,0.0030871930147423525,5.0,1
180,0.050031254940766594,5.0,0
180,0.003126263815779215,5.0,1
181,0.0504518759062246,5.0,0
181,0.0031658331098604058,5.0,1
182,0.05087483501121536,5.0,0
182,0.0032059071575693343,5.0,1
183,0.051300125541045946,5.0,0
183,0.0032464922924184906,5.0,1
184,0.051727740525976486,5.0,0
184,0.0032875949214990685,5.0,1
185,0.0521576727440072,5.0,0
185,0.003329221526129965,5.0,1
186,0.05258991472374544,5.0,0
186,0.003371378662506008,5.0,1
187,0.05302445874734724,5.0,0
187,0.003414072962345093,5.0,1
188,0.053461296853526144,5.0,0
188,0.0034573111335340478,5.0,1
189,0.053900420840623686,5.0,0
189,0.0035010999607729067,5.0,1
190,0.054341822269734566,5.0,0
190,0.003545446306217374,5.0,1
191,0.054785492467879865,5.0,0
191,0.003590357110119208,5.0,1
192,0.055231422531222034,5.0,0
192,0.003635839391464198,5.0,1
193,0.05567960332831467,5.0,0
193,0.003681900248607522,5.0,1
194,0.05613002550338047,5.0,0
194,0.003728546859906137,5.0,1
195,0.05658267947961087,5.0,0
195,0.0037757864843479174,5.0,1
196,0.057037555462480516,5.0,0
196,0.0038236264621772575,5.0,1
197,0.057494643443069954,5.0,0
197,0.0038720742155167747,5.0,1
198,0.05795393320139047,5.0,0
198,0.003921137248984849,5.0,1
199,0.058415414309703845,5.0,0
199,0.0039708231503086085,5.0,1
200,0.05887907613583113,5.0,0
200,0.004021139590932086,5.0,1
201,0.059344907846444424,5.0,0
201,0.004072094326619143,5.0,1
202,0.05981289841033483,5.0,0
202,0.004123695198050854,5.0,1
203,0.060283036601651296,5.0,0
203,0.004175950131416948,5.0,1
204,0.06075531100310377,5.0,0
204,0.0042288671390009955,5.0,1
205,0.0612297100091258,5.0,0
205,0.004282454319758907,5.0,1
206,0.06170622182899053,5.0,0
206,0.004336719859890397,5.0,1
207,0.06218483448987464,5.0,0
207,0.004391672033403023,5.0,1
208,0.06266553583986609,5.0,0
208,0.004447319202668368,5.0,1
209,0.0631483135509094,5.0,0
209,0.004503669818970032,5.0,1
210,0.06363315512168505,5.0,0
210,0.004560732423042923,5.0,1
211,0.06412004788041786,5.0,0
211,0.004618515645603535,5.0,1
212,0.06460897898761042,5.0,0
212,0.004677028207870707,5.0,1
213,0.06509993543869759,5.0,0
213,0.004736278922076492,5.0,1
214,0.06559290406661863,5.0,0
214,0.004796276691966632,5.0,1
215,0.06608787154430318,5.0,0
215,0.00485703051329028,5.0,1
216,0.0665848243870681,5.0,0
216,0.004918549474278443,5.0,1
217,0.06708374895492289,5.0,0
217,0.004980842756110737,5.0,1
218,0.06758463145477996,5.0,0
218,0.005043919633369979,5.0,1
219,0.06808745794256894,5.0,0
219,0.005107789474484161,5.0,1
220,0.06859221432525157,5.0,0
220,0.005172461742155307,5.0,1
221,0.06909888636273669,5.0,0
221,0.005237945993774782,5.0,1
222,0.06960745966969312,5.0,0
222,0.005304251881824539,5.0,1
223,0.07011791971725975,5.0,0
223,0.005371389154263849,5.0,1
224,0.07063025183465187,5.0,0
224,0.005439367654900998,5.0,1
225,0.0711444412106632,5.0,0
225,0.005508197323749493,5.0,1
226,0.07166047289506315,5.0,0
226,0.005577888197368263,5.0,1
227,0.07217833179989033,5.0,0
227,0.005648450409185379,5.0,1
228,0.07269800270064047,5.0,0
228,0.005719894189804798,5.0,1
229,0.07321947023735237,5.0,0
229,0.00579222986729561,5.0,1
230,0.07374271891558976,5.0,0
230,0.005865467867463312,5.0,1
231,0.0742677331073224,5.0,0
231,0.0059396187141026405,5.0,1
232,0.0747944970517065,5.0,0
232,0.006014693029231405,5.0,1
233,0.07532299485576677,5.0,0
233,0.006090701533304877,5.0,1
234,0.07585321049498168,5.0,0
234,0.006167655045410221,5.0,1
235,0.07638512781377434,5.0,0
235,0.006245564483440498,5.0,1
236,0.0769187305259111,5.0,0
236,0.0063244408642477105,5.0,1
237,0.0774540022148105,5.0,0
237,0.006404295303774481,5.0,1
238,0.07799092633376584,5.0,0
238,0.006485139017163792,5.0,1
239,0.0785294862060839,5.0,0
239,0.006566983318846421,5.0,1
240,0.07906966502514284,5.0,0
240,0.0066498396226055,5.0,1
241,0.07961144585437391,5.0,0
241,0.006733719441617813,5.0,1
242,0.08015481162716903,5.0,0
242,0.006818634388471376,5.0,1
243,0.0806997451467194,5.0,0
243,0.0069045961751588135,5.0,1
244,0.08124622908578788,5.0,0
244,0.006991616613046132,5.0,1
245,0.08179424598642063,5.0,0
245,0.007079707612816486,5.0,1
246,0.08234377825960092,5.0,0
246,0.007168881184388484,5.0,1
247,0.08289480818485066,5.0,0
247,0.00725914943680868,5.0,1
248,0.08344731790978327,5.0,0
248,0.007350524578117829,5.0,1
249,0.0840012894496134,5.0,0
249,0.0074430189151905865,5.0,1
250,0.08455670468662749,5.0,0
250,0.007536644853548257,5.0,1
251,0.08511354536962061,5.0,0
251,0.007631414897144254,5.0,1
252,0.08567179311330429,5.0,0
252,0.007727341648122023,5.0,1
253,0.08623142939769028,5.0,0
253,0.007824437806545048,5.0,1
254,0.08679243556745547,5.0,0
254,0.007922716170098695,5.0,1
255,0.0873547928312934,5.0,0
255,0.008022189633763662,5.0,1
256,0.08791848226125668,5.0,0
256,0.008122871189460746,5.0,1
257,0.08848348479209672,5.0,0
257,0.008224773925666801,5.0,1
258,0.08904978122060497,5.0,0
258,0.008327911027001592,5.0,1
259,0.08961735220496149,5.0,0
259,0.00843229577378551,5.0,1
260,0.09018617826409628,5.0,0
260,0.008537941541567895,5.0,1
261,0.09075623977706783,5.0,0
261,0.008644861800625979,5.0,1
262,0.09132751698246523,5.0,0
262,0.008753070115434245,5.0,1
263,0.09189998997783784,5.0,0
263,0.00886258014410435,5.0,1
264,0.09247363871915884,5.0,0
264,0.008973405637795357,5.0,1
265,0.09304844302032687,5.0,0
265,0.009085560440094502,5.0,1
266,0.09362438255271145,5.0,0
266,0.009199058486368478,5.0,1
267,0.09420143684474651,5.0,0
267,0.009313913803085279,5.0,1
268,0.09477958528157773,5.0,0
268,0.00943014050710684,5.0,1
269,0.09535880710476771,5.0,0
269,0.009547752804952488,5.0,1
270,0.0959390814120646,5.0,0
270,0.009666764992033623,5.0,1
271,0.09652038715723732,5.0,0
271,0.009787191451859608,5.0,1
272,0.09710270314998354,5.0,0
272,0.00990904665521537,5.0,1
273,0.09768600805591364,5.0,0
273,0.010032345159310943,5.0,1
274,0.09827028039661545,5.0,0
274,0.010157101606903265,5.0,1
275,0.09885549854980301,5.0,0
275,0.0102833307253908,5.0,1
276,0.09944164074955468,5.0,0
276,0.010411047325881195,5.0,1
277,0.10002868508664253,5.0,0
277,0.010540266302232773,5.0,1
278,0.10061660950895852,5.0,0
278,0.010671002630070031,5.0,1
279,0.10120539182203885,5.0,0
279,0.010803271365774114,5.0,1
280,0.10179500968969166,5.0,0
280,0.010937087645448554,5.0,1
281,0.10238544063472953,5.0,0
281,0.011072466683861222,5.0,1
282,0.10297666203981025,5.0,0
282,0.011209423773362946,5.0,1
283,0.10356865114838879,5.0,0
283,0.011347974282783842,5.0,1
284,0.104161385065782,5.0,0
284,0.01148813365630791,5.0,1
285,0.10475484076034881,5.0,0
285,0.011629917412326938,5.0,1
286,0.1053489950647881,5.0,0
286,0.011773341142274496,5.0,1
287,0.10594382467755514,5.0,0
287,0.011918420509441025,5.0,1
288,0.10653930616439876,5.0,0
288,0.012065171247770998,5.0,1
289,0.1071354159600203,5.0,0
289,0.012213609160643122,5.0,1
290,0.10773213036985557,5.0,0
290,0.012363750119634823,5.0,1
291,0.10832942557197983,5.0,0
291,0.012515610063271869,5.0,1
292,0.10892727761913762,5.0,0
292,0.012669204995764556,5.0,1
293,0.10952566244089637,5.0,0
293,0.012824550985731452,5.0,1
294,0.11012455584592493,5.0,0
294,0.012981664164912055,5.0,1
295,0.11072393352439626,5.0,0
295,0.013140560726869512,5.0,1
296,0.11132377105051366,5.0,0
296,0.013301256925684853,5.0,1
297,0.11192404388516086,5.0,0
297,0.013463769074643925,5.0,1
298,0.1125247273786735,5.0,0
298,0.013628113544918488,5.0,1
299,0.11312579677373287,5.0,0
299,0.013794306764242798,5.0,1
300,0.11372722720837819,5.0,0
300,0.013962365215587141,5.0,1
301,0.1143289937191379,5.0,0
301,0.014132305435829726,5.0,1
302,0.11493107124427716,5.0,0
302,0.0143041440144284,5.0,1
303,0.11553343462715918,5.0,0
303,0.014477897592093659,5.0,1
304,0.11613605861971925,5.0,0
304,0.014653582859464392,5.0,1
305,0.11673891788604797,5.0,0
305,0.014831216555787997,5.0,1
306,0.11734198700608105,5.0,0
306,0.01501081546760613,5.0,1
307,0.11794524047939396,5.0,0
307,0.015192396427447828,5.0,1
308,0.11854865272909722,5.0,0
308,0.015375976312531332,5.0,1
309,0.11915219810582904,5.0,0
309,0.015561572043476184,5.0,1
310,0.11975585089184343,5.0,0
310,0.01574920058302707,5.0,1
311,0.12035958530518824,5.0,0
311,0.015938878934790818,5.0,1
312,0.12096337550397092,5.0,0
312,0.016130624141988074,5.0,1
313,0.1215671955907079,5.0,0
313,0.01632445328622098,5.0,1
314,0.1221710196167528,5.0,0
314,0.01652038348625836,5.0,1
315,0.12277482158680077,5.0,0
315,0.01671843189683957,5.0,1
316,0.12337857546346365,5.0,0
316,0.01691861570749863,5.0,1
317,0.12398225517191258,5.0,0
317,0.01712095214140949,5.0,1
318,0.12458583460458293,5.0,0
318,0.01732545845425403,5.0,1
319,0.12518928762593787,5.0,0
319,0.017532151933113686,5.0,1
320,0.12579258807728586,5.0,0
320,0.01774104989538587,5.0,1
321,0.12639570978164724,5.0,0
321,0.017952169687726265,5.0,1
322,0.12699862654866614,5.0,0
322,0.018165528685017786,5.0,1
323,0.12760131217956266,5.0,0
323,0.018381144289367234,5.0,1
324,0.1282037404721205,5.0,0
324,0.018599033929130183,5.0,1
325,0.12880588522570652,5.0,0
325,0.01881921505796512,5.0,1
326,0.1294077202463165,5.0,0
326,0.019041705153917,5.0,1
327,0.1300092193516438,5.0,0
327,0.019266521718531014,5.0,1
328,0.1306103563761652,5.0,0
328,0.019493682275996786,5.0,1
329,0.13121110517624068,5.0,0
329,0.01972320437232311,5.0,1
330,0.13181143963522224,5.0,0
330,0.01995510557454371,5.0,1
331,0.13241133366856692,5.0,0
331,0.020189403469953505,5.0,1
332,0.13301076122895186,5.0,0
332,0.020426115665375652,5.0,1
333,0.1336096963113842,5.0,0
333,0.02066525978645882,5.0,1
334,0.13420811295830462,5.0,0
334,0.020906853477004293,5.0,1
335,0.13480598526467938,5.0,0
335,0.021150914398322417,5.0,1
336,0.1354032873830765,5.0,0
336,0.021397460228617448,5.0,1
337,0.13599999352872424,5.0,0
337,0.021646508662400015,5.0,1
338,0.13659607798454593,5.0,0
338,0.02189807740992601,5.0,1
339,0.13719151510617011,5.0,0
339,0.022152184196660863,5.0,1
340,0.13778627932691068,5.0,0
340,0.02240884676276735,5.0,1
341,0.1383803451627154,5.0,0
341,0.02266808286261579,5.0,1
342,0.13897368721707928,5.0,0
342,0.02292991026431447,5.0,1
343,0.1395662801859188,5.0,0
343,0.023194346749258486,5.0,1
344,0.14015809886240682,5.0,0
344,0.02346141011169485,5.0,1
345,0.14074911814176316,5.0,0
345,0.02373111815830131,5.0,1
346,0.14133931302599975,5.0,0
346,0.02400348870777653,5.0,1
347,0.14192865862861764,5.0,0
347,0.02427853959043878,5.0,1
348,0.142517130179254,5.0,0
348,0.024556288647830108,5.0,1
349,0.14310470302827688,5.0,0
349,0.0248367537323231,5.0,1
350,0.1436913526513264,5.0,0
350,0.025119952706726498,5.0,1
351,0.14427705465379995,5.0,0
351,0.0254059034438865,5.0,1
352,0.14486178477528072,5.0,0
352,0.025694623826279846,5.0,1
353,0.14544551889390728,5.0,0
353,0.02598613174559468,5.0,1
354,0.14602823303068402,5.0,0
354,0.026280445102295272,5.0,1
355,0.14660990335372984,5.0,0
355,0.026577581805166117,5.0,1
356,0.1471905061824664,5.0,0
356,0.026877559770830967,5.0,1
357,0.14777001799174194,5.0,0
357,0.027180396923242235,5.0,1
358,0.1483484154158932,5.0,0
358,0.027486111193135647,5.0,1
359,0.1489256752527414,5.0,0
359,0.027794720517445512,5.0,1
360,0.1495017744675259,5.0,0
360,0.028106242838675004,5.0,1
361,0.15007669019677022,5.0,0
361,0.02842069610421645,5.0,1
362,0.15065039975208422,5.0,0
362,0.02873809826561585,5.0,1
363,0.15122288062389966,5.0,0
363,0.029058467277776244,5.0,1
364,0.15179411048514005,5.0,0
364,0.02938182109809391,5.0,1
365,0.15236406719482423,5.0,0
365,0.02970817768552162,5.0,1
366,0.1529327288016037,5.0,0
366,0.030037554999552855,5.0,1
367,0.1535000735472337,5.0,0
367,0.03036997099912096,5.0,1
368,0.15406607986997803,5.0,0
368,0.030705443641406753,5.0,1
369,0.1546307264079476,5.0,0
369,0.031043990880548576,5.0,1
370,0.1551939920023732,5.0,0
370,0.03138563066624825,5.0,1
371,0.1557558557008119,5.0,0
371,0.03173038094226623,5.0,1
372,0.1563162967602878,5.0,0
372,0.032078259644800086,5.0,1
373,0.15687529465036743,5.0,0
373,0.03242928470073904,5.0,1
374,0.15743282905616895,5.0,0
374,0.03278347402578847,5.0,1
375,0.1579888798813071,5.0,0
375,0.03314084552245775,5.0,1
376,0.15854342725077206,5.0,0
376,0.03350141707790469,5.0,1
377,0.15909645151374358,5.0,0
377,0.033865206561630175,5.0,1
378,0.1596479332463407,5.0,0
378,0.03423223182301662,5.0,1
379,0.1601978532543067,5.0,0
379,0.03460251068870362,5.0,1
380,0.1607461925756288,5.0,0
380,0.03497606095979447,5.0,1
381,0.16129293248309456,5.0,0
381,0.035352900408887535,5.0,1
382,0.16183805448678282,5.0,0
382,0.03573304677692599,5.0,1
383,0.1623815403364909,5.0,0
383,0.03611651776986027,5.0,1
384,0.16292337202409737,5.0,0
384,0.03650333105511705,5.0,1
385,0.16346353178586015,5.0,0
385,0.03689350425786937,5.0,1
386,0.16400200210465063,5.0,0
386,0.03728705495710225,5.0,1
387,0.16453876571212242,5.0,0
387,0.037684000681468426,5.0,1
388,0.16507380559081675,5.0,0
388,0.03808435890492959,5.0,1
389,0.16560710497620146,5.0,0
389,0.038488147042177755,5.0,1
390,0.1661386473586459,5.0,0
390,0.03889538244383269,5.0,1
391,0.16666841648533,5.0,0
391,0.03930608239141098,5.0,1
392,0.16719639636208813,5.0,0
392,0.039720264092063015,5.0,1
393,0.16772257125518625,5.0,0
393,0.040137944673073925,5.0,1
394,0.1682469256930335,5.0,0
394,0.040559141176125954,5.0,1
395,0.16876944446782635,5.0,0
395,0.0409838705513186,5.0,1
396,0.16929011263712548,5.0,0
396,0.04141214965094489,5.0,1
397,0.16980891552536626,5.0,0
397,0.04184399522302134,5.0,1
398,0.17032583872529897,5.0,0
398,0.04227942390457007,5.0,1
399,0.17084086809936228,5.0,0
399,0.04271845221465233,5.0,1
400,0.17135398978098595,5.0,0
400,0.04316109654715233,5.0,1
401,0.17186519017582527,5.0,0
401,0.04360737316331184,5.0,1
402,0.17237445596292364,5.0,0
402,0.04405729818401555,5.0,1
403,0.17288177409580524,5.0,0
403,0.04451088758182852,5.0,1
404,0.17338713180349583,5.0,0
404,0.04496815717278701,5.0,1
405,0.17389051659147114,5.0,0
405,0.04542912260794511,5.0,1
406,0.17439191624253347,5.0,0
406,0.045893799364679674,5.0,1
407,0.17489131881761377,5.0,0
407,0.0463622027377572,5.0,1
408,0.1753887126565008,5.0,0
408,0.04683434783016634,5.0,1
409,0.17588408637849517,5.0,0
409,0.04731024954372114,5.0,1
410,0.1763774288829892,5.0,0
410,0.047789922569439994,5.0,1
411,0.17686872934997036,5.0,0
411,0.04827338137770644,5.0,1
412,0.17735797724044938,5.0,0
412,0.04876064020821885,5.0,1
413,0.17784516229681088,5.0,0
413,0.0492517130597359,5.0,1
414,0.17833027454308914,5.0,0
414,0.04974661367962635,5.0,1
415,0.17881330428516373,5.0,0
415,0.0502453555532322,5.0,1
416,0.17929424211087933,5.0,0
416,0.05074795189305429,5.0,1
417,0.1797730788900872,5.0,0
417,0.05125441562777129,5.0,1
418,0.18024980577460734,5.0,0
418,0.05176475939110299,5.0,1
419,0.18072441419811383,5.0,0
419,0.052278995510529634,5.0,1
420,0.1811968958759394,5.0,0
420,0.052797135995880214,5.0,1
421,0.18166724280480248,5.0,0
421,0.053319192527803094,5.0,1
422,0.18213544726245523,5.0,0
422,0.0538451764461327,5.0,1
423,0.18260150180725152,5.0,0
423,0.054375098738167864,5.0,1
424,0.18306539927763726,5.0,0
424,0.05490897002687681,5.0,1
425,0.1835271327915615,5.0,0
425,0.055446800559045564,5.0,1
426,0.18398669574580803,5.0,0
426,0.055988600193386605,5.0,1
427,0.1844440818152503,5.0,0
427,0.05653437838862584,5.0,1
428,0.18489928495202673,5.0,0
428,0.057084144191585875,5.0,1
429,0.18535229938463874,5.0,0
429,0.057637906225285473,5.0,1
430,0.18580311961697218,5.0,0
430,0.058195672677074047,5.0,1
431,0.18625174042724083,5.0,0
431,0.058757451286822436,5.0,1
432,0.18669815686685493,5.0,0
432,0.05932324933519044,5.0,1
433,0.18714236425921346,5.0,0
433,0.05989307363199277,5.0,1
434,0.18758435819842156,5.0,0
434,0.0604669305046855,5.0,1
435,0.18802413454793446,5.0,0
435,0.06104482578699567,5.0,1
436,0.1884616894391282,5.0,0
436,0.06162676480771693,5.0,1
437,0.1888970192697973,5.0,0
437,0.062212752379694376,5.0,1
438,0.18933012070258262,5.0,0
438,0.06280279278902308,5.0,1
439,0.18976099066332763,5.0,0
439,0.06339688978448327,5.0,1
440,0.19018962633936654,5.0,0
440,0.06399504656723773,5.0,1
441,0.19061602517774445,5.0,0
441,0.06459726578081472,5.0,1
442,0.19104018488337038,5.0,0
442,0.06520354950140182,5.0,1
443,0.19146210341710554,5.0,0
443,0.0658138992284756,5.0,1
444,0.1918817789937871,5.0,0
444,0.06642831587579055,5.0,1
445,0.19229921008019002,5.0,0
445,0.06704679976275399,5.0,1
446,0.19271439539292726,5.0,0
446,0.06766935060620956,5.0,1
447,0.19312733389629014,5.0,0
447,0.06829596751265489,5.0,1
448,0.19353802480003168,5.0,0
448,0.06892664897091703,5.0,1
449,0.19394646755709247,5.0,0
449,0.06956139284530968,5.0,1
450,0.19435266186127198,5.0,0
450,0.07020019636929523,5.0,1
451,0.1947566076448471,5.0,0
451,0.07084305613967466,5.0,1
452,0.19515830507613877,5.0,0
452,0.07148996811132773,5.0,1
453,0.19555775455702912,5.0,0
453,0.0721409275925246,5.0,1
454,0.19595495672043062,5.0,0
454,0.07279592924083012,5.0,1
455,0.19634991242770933,5.0,0
455,0.07345496705962089,5.0,1
456,0.19674262276606366,5.0,0
456,0.07411803439523384,5.0,1
457,0.1971330890458602,5.0,0
457,0.07478512393476494,5.0,1
458,0.1975213127979301,5.0,0
458,0.07545622770453489,5.0,1
459,0.19790729577082533,5.0,0
459,0.07613133706923782,5.0,1
460,0.19829103992803962,5.0,0
460,0.07681044273178783,5.0,1
461,0.19867254744519236,5.0,0
461,0.07749353473387678,5.0,1
462,0.19905182070718225,5.0,0
462,0.07818060245725532,5.0,1
463,0.1994288623053066,5.0,0
463,0.07887163462574824,5.0,1
464,0.19980367503435426,5.0,0
464,0.07956661930801262,5.0,1
465,0.20017626188966936,5.0,0
465,0.0802655439210472,5.0,1
466,0.20054662606418996,5.0,0
466,0.08096839523445834,5.0,1
467,0.20091477094546384,5.0,0
467,0.08167515937548708,5.0,1
468,0.20128070011264154,5.0,0
468,0.0823858218348002,5.0,1
469,0.20164441733345073,5.0,0
469,0.08310036747304547,5.0,1
470,0.20200592656115113,5.0,0
470,0.08381878052817072,5.0,1
471,0.20236523193147435,5.0,0
471,0.08454104462350348,5.0,1
472,0.20272233775954984,5.0,0
472,0.08526714277658681,5.0,1
473,0.20307724853681658,5.0,0
473,0.08599705740876436,5.0,1
474,0.20342996892792548,5.0,0
474,0.08673077035550646,5.0,1
475,0.2037805037676321,5.0,0
475,0.08746826287746672,5.0,1
476,0.20412885805768183,5.0,0
476,0.08820951567225674,5.0,1
477,0.2044750369636911,5.0,0
477,0.08895450888692479,5.0,1
478,0.20481904581202126,5.0,0
478,0.0897032221311221,5.0,1
479,0.20516089008665367,5.0,0
479,0.09045563449093928,5.0,1
480,0.20550057542606215,5.0,0
480,0.09121172454339206,5.0,1
481,0.20583810762008617,5.0,0
481,0.09197147037153557,5.0,1
482,0.2061734926068074,5.0,0
482,0.09273484958018362,5.0,1
483,0.2065067364694289,5.0,0
483,0.0935018393122067,5.0,1
484,0.20683784543316072,5.0,0
484,0.09427241626538363,5.0,1
485,0.20716682586211074,5.0,0
485,0.09504655670977696,5.0,1
486,0.20749368425618558,5.0,0
486,0.09582423650560276,5.0,1
487,0.2078184272479991,5.0,0
487,0.09660543112156347,5.0,1
488,0.2081410615997924,5.0,0
488,0.09739011565361069,5.0,1
489,0.20846159420036578,5.0,0
489,0.09817826484410434,5.0,1
490,0.20878003206202386,5.0,0
490,0.09896985310133222,5.0,1
491,0.20909638231753494,5.0,0
491,0.0997648545193544,5.0,1
492,0.2094106522171057,5.0,0
492,0.1005632428981348,5.0,1
493,0.20972284912537342,5.0,0
493,0.10136499176392169,5.0,1
494,0.21003298051841449,5.0,0
494,0.10217007438983827,5.0,1
495,0.21034105398077224,5.0,0
495,0.1029784638166441,5.0,1
496,0.21064707720250517,5.0,0
496,0.10379013287362657,5.0,1
497,0.21095105797625444,5.0,0
497,0.10460505419958306,5.0,1
498,0.21125300419433343,5.0,0
498,0.10542320026385124,5.0,1
499,0.21155292384584035,5.0,0
499,0.1062445433873492,5.0,1
500,0.21185082501379246,5.0,0
500,0.10706905576358157,5.0,1
501,0.21214671587228548,5.0,0
501,0.10789670947957315,5.0,1
502,0.21244060468367756,5.0,0
502,0.10872747653668816,5.0,1
503,0.21273249979579734,5.0,0
503,0.10956132887129524,5.0,1
504,0.2130224096391802,5.0,0
504,0.11039823837523814,5.0,1
505,0.2133103427243296,5.0,0
505,0.11123817691607339,5.0,1
506,0.21359630763900533,5.0,0
506,0.11208111635703584,5.0,1
507,0.2138803130455412,5.0,0
507,0.11292702857669461,5.0,1
508,0.21416236767818958,5.0,0
508,0.11377588548826273,5.0,1
509,0.2144424803404958,5.0,0
509,0.11462765905852415,5.0,1
510,0.21472065990270053,5.0,0
510,0.11548232132634455,5.0,1
511,0.21499691529917317,5.0,0
511,0.11633984442073113,5.0,1
512,0.21527125552587453,5.0,0
512,0.11720020057841006,5.0,1
513,0.21554368963785006,5.0,0
513,0.11806336216089114,5.0,1
514,0.21581422674675393,5.0,0
514,0.11892930167098874,5.0,1
515,0.21608287601840392,5.0,0
515,0.11979799176877368,5.0,1
516,0.21634964667036805,5.0,0
516,0.12066940528692756,5.0,1
517,0.21661454796958182,5.0,0
517,0.12154351524547648,5.0,1
518,0.21687758922999856,5.0,0
518,0.1224202948658805,5.0,1
519,0.21713877981027058,5.0,0
519,0.12329971758445851,5.0,1
520,0.2173981291114625,5.0,0
520,0.12418175706512852,5.0,1
521,0.21765564657479777,5.0,0
521,0.1250663872114462,5.0,1
522,0.21791134167943654,5.0,0
522,0.12595358217792607,5.0,1
523,0.21816522394028595,5.0,0
523,0.12684331638063132,5.0,1
524,0.21841730290584388,5.0,0
524,0.12773556450702095,5.0,1
525,0.2186675881560741,5.0,0
525,0.12863030152504296,5.0,1
526,0.21891608930031456,5.0,0
526,0.12952750269146657,5.0,1
527,0.21916281597521856,5.0,0
527,0.1304271435594468,5.0,1
528,0.21940777784272772,5.0,0
528,0.13132919998531586,5.0,1
529,0.21965098458807802,5.0,0
529,0.13223364813460048,5.0,1
530,0.219892445917838,5.0,0
530,0.13314046448726236,5.0,1
531,0.22013217155797998,5.0,0
531,0.1340496258421634,5.0,1
532,0.2203701712519827,5.0,0
532,0.1349611093207586,5.0,1
533,0.22060645475896706,5.0,0
533,0.1358748923700192,5.0,1
534,0.22084103185186352,5.0,0
534,0.13679095276459352,5.0,1
535,0.22107391231561185,5.0,0
535,0.13770926860821173,5.0,1
536,0.22130510594539202,5.0,0
536,0.13862981833434296,5.0,1
537,0.22153462254488812,5.0,0
537,0.13955258070611629,5.0,1
538,0.22176247192458282,5.0,0
538,0.14047753481551492,5.0,1
539,0.22198866390008312,5.0,0
539,0.14140466008185887,5.0,1
540,0.22221320829047872,5.0,0
540,0.14233393624958768,5.0,1
541,0.22243611491672968,5.0,0
541,0.14326534338535984,5.0,1
542,0.22265739360008602,5.0,0
542,0.14419886187448414,5.0,1
543,0.22287705416053769,5.0,0
543,0.14513447241670083,5.0,1
544,0.2230951064152953,5.0,0
544,0.1460721560213296,5.0,1
545,0.22331156017730044,5.0,0
545,0.1470118940018038,5.0,1
546,0.22352642525376595,5.0,0
546,0.1479536679696101,5.0,1
547,0.22373971144474727,5.0,0
547,0.1488974598276534,5.0,1
548,0.2239514285417416,5.0,0
548,0.1498432517630687,5.0,1
549,0.22416158632631714,5.0,0
549,0.150791026239499,5.0,1
550,0.2243701945687716,5.0,0
550,0.15174076598886252,5.0,1
551,0.22457726302681902,5.0,0
551,0.15269245400262987,5.0,1
552,0.2247828014443051,5.0,0
552,0.1536460735226336,5.0,1
553,0.22498681954995128,5.0,0
553,0.15460160803143105,5.0,1
554,0.225189327056126,5.0,0
554,0.15555904124224398,5.0,1
555,0.22539033365764477,5.0,0
555,0.15651835708849549,5.0,1
556,0.2255898490305964,5.0,0
556,0.15747953971296672,5.0,1
557,0.22578788283119752,5.0,0
557,0.15844257345659402,5.0,1
558,0.22598444469467308,5.0,0
558,0.15940744284692937,5.0,1
559,0.22617954423416461,5.0,0
559,0.1603741325862825,5.0,1
560,0.2263731910396632,5.0,0
560,0.16134262753956694,5.0,1
561,0.22656539467697023,5.0,0
561,0.16231291272186862,5.0,1
562,0.22675616468668294,5.0,0
562,0.16328497328575678,5.0,1
563,0.22694551058320517,5.0,0
563,0.16425879450835548,5.0,1
564,0.22713344185378445,5.0,0
564,0.16523436177819265,5.0,1
565,0.22731996795757314,5.0,0
565,0.1662116605818449,5.0,1
566,0.22750509832471408,5.0,0
566,0.16719067649039349,5.0,1
567,0.2276888423554515,5.0,0
567,0.16817139514570636,5.0,1
568,0.22787120941926492,5.0,0
568,0.1691538022465604,5.0,1
569,0.22805220885402805,5.0,0
569,0.17013788353461798,5.0,1
570,0.22823184996518953,5.0,0
570,0.17112362478026916,5.0,1
571,0.22841014202497906,5.0,0
571,0.17211101176835045,5.0,1
572,0.22858709427163448,5.0,0
572,0.17310003028375118,5.0,1
573,0.22876271590865202,5.0,0
573,0.174090666096915,5.0,1
574,0.22893701610406073,5.0,0
574,0.17508290494924567,5.0,1
575,0.22911000398971534,5.0,0
575,0.17607673253842257,5.0,1
576,0.22928168866061543,5.0,0
576,0.17707213450363204,5.0,1
577,0.2294520791742415,5.0,0
577,0.17806909641071889,5.0,1
578,0.22962118454991653,5.0,0
578,0.1790676037372613,5.0,1
579,0.2297890137681854,5.0,0
579,0.18006764185757057,5.0,1
580,0.22995557577021666,5.0,0
580,0.18106919602761828,5.0,1
581,0.23012087945722473,5.0,0
581,0.182072251369889,5.0,1
582,0.23028493368991085,5.0,0
582,0.18307679285815845,5.0,1
583,0.23044774728792589,5.0,0
583,0.1840828053021963,5.0,1
584,0.23060932902935094,5.0,0
584,0.18509027333238845,5.0,1
585,0.23076968765019937,5.0,0
585,0.18609918138427653,5.0,1
586,0.23092883184393526,5.0,0
586,0.18710951368301082,5.0,1
587,0.2310867702610134,5.0,0
587,0.18812125422770976,5.0,1
588,0.23124351150843608,5.0,0
588,0.18913438677572217,5.0,1
589,0.23139906414932848,5.0,0
589,0.1901488948267851,5.0,1
590,0.23155343670253312,5.0,0
590,0.19116476160707127,5.0,1
591,0.23170663764222063,5.0,0
591,0.19218197005312024,5.0,1
592,0.23185867539751917,5.0,0
592,0.19320050279564438,5.0,1
593,0.23200955835216022,5.0,0
593,0.1942203421432067,5.0,1
594,0.23215929484414258,5.0,0
594,0.19524147006576048,5.0,1
595,0.23230789316541192,5.0,0
595,0.1962638681780479,5.0,1
596,0.23245536156155747,5.0,0
596,0.1972875177228492,5.0,1
597,0.23260170823152532,5.0,0
597,0.19831239955408164,5.0,1
598,0.23274694132734644,5.0,0
598,0.19933849411974072,5.0,1
599,0.23289106895388212,5.0,0
599,0.20036578144468328,5.0,1
600,0.23303409916858375,5.0,0
600,0.20139424111325155,5.0,1
601,0.23317603998126857,5.0,0
601,0.20242385225173698,5.0,1
602,0.2333168993539101,5.0,0
602,0.20345459351068726,5.0,1
603,0.233456685200443,5.0,0
603,0.20448644304705993,5.0,1
604,0.23359540538658408,5.0,0
604,0.2055193785062293,5.0,1
605,0.2337330677296654,5.0,0
605,0.20655337700385484,5.0,1
606,0.23386967999848288,5.0,0
606,0.2075884151076228,5.0,1
607,0.23400524991315855,5.0,0
607,0.20862446881887475,5.0,1
608,0.23413978514501715,5.0,0
608,0.20966151355414023,5.0,1
609,0.23427329331647379,5.0,0
609,0.21069952412659415,5.0,1
610,0.2344057820009374,5.0,0
610,0.21173847472746282,5.0,1
611,0.23453725872272496,5.0,0
611,0.2127783389074045,5.0,1
612,0.23466773095699112,5.0,0
612,0.2138190895578985,5.0,1
613,0.234797206129667,5.0,0
613,0.2148606988926744,5.0,1
614,0.23492569161741364,5.0,0
614,0.21590313842922296,5.0,1
615,0.23505319474758632,5.0,0
615,0.21694637897043154,5.0,1
616,0.23517972279821145,5.0,0
616,0.2179903905863899,5.0,1
617,0.23530528299797418,5.0,0
617,0.21903514259642026,5.0,1
618,0.23542988252621844,5.0,0
618,0.22008060355138576,5.0,1
619,0.23555352851295663,5.0,0
619,0.22112674121633927,5.0,1
620,0.23567622803889168,5.0,0
620,0.22217352255357553,5.0,1
621,0.23579798813544875,5.0,0
621,0.22322091370615696,5.0,1
622,0.23591881578481805,5.0,0
622,0.22426887998198444,5.0,1
623,0.2360387179200078,5.0,0
623,0.22531738583849065,5.0,1
624,0.23615770142490686,5.0,0
624,0.22636639486803697,5.0,1
625,0.23627577313435746,5.0,0
625,0.22741586978409586,5.0,1
626,0.23639293983423765,5.0,0
626,0.2284657724083084,5.0,1
627,0.23650920826155297,5.0,0
627,0.22951606365850424,5.0,1
628,0.23662458510453713,5.0,0
628,0.23056670353777797,5.0,1
629,0.23673907700276228,5.0,0
629,0.23161765112471605,5.0,1
630,0.23685269054725758,5.0,0
630,0.23266886456486888,5.0,1
631,0.2369654322806359,5.0,0
631,0.23372030106356662,5.0,1
632,0.23707730869723043,5.0,0
632,0.23477191688017407,5.0,1
633,0.23718832624323702,5.0,0
633,0.23582366732388282,5.0,1
634,0.23729849131686712,5.0,0
634,0.2368755067511371,5.0,1
635,0.23740781026850657,5.0,0
635,0.23792738856478576,5.0,1
636,0.2375162894008827,5.0,0
636,0.23897926521505639,5.0,1
637,0.23762393496923817,5.0,0
637,0.2400310882024367,5.0,1
638,0.23773075318151324,5.0,0
638,0.24108280808255234,5.0,1
639,0.2378367501985337,5.0,0
639,0.24213437447311914,5.0,1
640,0.23794193213420553,5.0,0
640,0.2431857360630488,5.0,1
641,0.23804630505571758,5.0,0
641,0.24423684062377377,5.0,1
642,0.23814987498374862,5.0,0
642,0.24528763502285703,5.0,1
643,0.23825264789268188,5.0,0
643,0.24633806523994076,5.0,1
644,0.23835462971082585,5.0,0
644,0.2473880763850792,5.0,1
645,0.23845582632063905,5.0,0
645,0.24843761271949538,5.0,1
646,0.23855624355896216,5.0,0
646,0.24948661767878746,5.0,1
647,0.23865588721725498,5.0,0
647,0.2505350338986035,5.0,1
648,0.23875476304183857,5.0,0
648,0.25158280324278864,5.0,1
649,0.23885287673414213,5.0,0
649,0.2526298668340029,5.0,1
650,0.23895023395095538,5.0,0
650,0.2536761650867881,5.0,1
651,0.23904684030468476,5.0,0
651,0.25472163774305895,5.0,1
652,0.23914270136361496,5.0,0
652,0.25576622390997233,5.0,1
653,0.23923782265217441,5.0,0
653,0.2568098621001239,5.0,1
654,0.2393322096512046,5.0,0
654,0.25785249027400114,5.0,1
655,0.23942586779823383,5.0,0
655,0.2588940458846152,5.0,1
656,0.23951880248775426,5.0,0
656,0.2599344659242186,5.0,1
657,0.2396110190715031,5.0,0
657,0.2609736869730018,5.0,1
658,0.23970252285874666,5.0,0
658,0.2620116452496545,5.0,1
659,0.23979331911656854,5.0,0
659,0.2630482766636615,5.0,1
660,0.2398834130701596,5.0,0
660,0.2640835168691924,5.0,1
661,0.239972809903112,5.0,0
661,0.26511730132043876,5.0,1
662,0.2400615147577155,5.0,0
662,0.266149565328237,5.0,1
663,0.24014953273525677,5.0,0
663,0.2671802441178071,5.0,1
664,0.2402368688963202,5.0,0
664,0.26820927288743723,5.0,1
665,0.24032352826109238,5.0,0
665,0.26923658686792473,5.0,1
666,0.24040951580966738,5.0,0
666,0.2702621213825912,5.0,1
667,0.2404948364823551,5.0,0
667,0.27128581190767387,5.0,1
668,0.24057949517999017,5.0,0
668,0.27230759413290145,5.0,1
669,0.24066349676424464,5.0,0
669,0.2733274040220535,5.0,1
670,0.24074684605793922,5.0,0
670,0.2743451778733047,5.0,1
671,0.2408295478453593,5.0,0
671,0.27536085237915553,5.0,1
672,0.24091160687256882,5.0,0
672,0.27637436468575294,5.0,1
673,0.24099302784772775,5.0,0
673,0.277385652451404,5.0,1
674,0.24107381544140985,5.0,0
674,0.27839465390409496,5.0,1
675,0.24115397428692043,5.0,0
675,0.2794013078978288,5.0,1
676,0.24123350898061588,5.0,0
676,0.28040555396760375,5.0,1
677,0.2413124240822232,5.0,0
677,0.28140733238285914,5.0,1
678,0.24139072411515983,5.0,0
678,0.28240658419922743,5.0,1
679,0.2414684135668543,5.0,0
679,0.2834032513084385,5.0,1
680,0.24154549688906665,5.0,0
680,0.28439727648622964,5.0,1
681,0.24162197849820913,5.0,0
681,0.28538860343813294,5.0,1
682,0.24169786277566646,5.0,0
682,0.2863771768430137,5.0,1
683,0.24177315406811656,5.0,0
683,0.28736294239425453,5.0,1
684,0.24184785668784986,5.0,0
684,0.28834584683848463,5.0,1
685,0.24192197491308995,5.0,0
685,0.28932583801177253,5.0,1
686,0.2419955129883116,5.0,0
686,0.29030286487321016,5.0,1
687,0.24206847512455976,5.0,0
687,0.2912768775358287,5.0,1
688,0.24214086549976752,5.0,0
688,0.2922478272948041,5.0,1
689,0.2422126882590721,5.0,0
689,0.29321566665291704,5.0,1
690,0.24228394751513146,5.0,0
690,0.29418034934324955,5.0,1
691,0.24235464734843934,5.0,0
691,0.29514183034911384,5.0,1
692,0.24242479180763826,5.0,0
692,0.29610006592121374,5.0,1
693,0.24249438490983238,5.0,0
693,0.29705501359206227,5.0,1
694,0.2425634306408989,5.0,0
694,0.29800663218767875,5.0,1
695,0.2426319329557973,5.0,0
695,0.2989548818366094,5.0,1
696,0.24269989577887827,5.0,0
696,0.29989972397631826,5.0,1
697,0.24276732300418985,5.0,0
697,0.3008411213570077,5.0,1
698,0.2428342184957825,5.0,0
698,0.3017790380429391,5.0,1
699,0.24290058608801282,5.0,0
699,0.30271343941132545,5.0,1
700,0.24296642958584463,5.0,0
700,0.3036442921488829,5.0,1
701,0.24303175276514855,5.0,0
701,0.30457156424612897,5.0,1
702,0.24309655937299976,5.0,0
702,0.3054952249895238,5.0,1
703,0.24316085312797384,5.0,0
703,0.3064152449515543,5.0,1
704,0.24322463772044006,5.0,0
704,0.30733159597886706,5.0,1
705,0.2432879168128525,5.0,0
705,0.30824425117855614,5.0,1
706,0.24335069404003953,5.0,0
706,0.309153184902721,5.0,1
707,0.24341297300949086,5.0,0
707,0.3100583727314007,5.0,1
708,0.24347475730164195,5.0,0
708,0.3109597914540068,5.0,1
709,0.24353605047015572,5.0,0
709,0.3118574190493634,5.0,1
710,0.24359685604220324,5.0,0
710,0.3127512346644729,5.0,1
711,0.2436571775187402,5.0,0
711,0.3136412185921216,5.0,1
712,0.24371701837478243,5.0,0
712,0.31452735224743766,5.0,1
713,0.24377638205967714,5.0,0
713,0.3154096181435154,5.0,1
714,0.24383527199737368,5.0,0
714,0.31628799986621425,5.0,1
715,0.2438936915866895,5.0,0
715,0.3171624820482407,5.0,1
716,0.24395164420157495,5.0,0
716,0.31803305034261903,5.0,1
717,0.24400913319137515,5.0,0
717,0.31889969139565133,5.0,1
718,0.2440661618810878,5.0,0
718,0.3197623928194655,5.0,1
719,0.24412273357162018,5.0,0
719,0.3206211431642483,5.0,1
720,0.24417885154004204,5.0,0
720,0.32147593189024987,5.0,1
721,0.24423451903983612,5.0,0
721,0.3223267493396512,5.0,1
722,0.24428973930114573,5.0,0
722,0.3231735867083755,5.0,1
723,0.24434451553101932,5.0,0
723,0.3240164360179209,5.0,1
724,0.24439885091365243,5.0,0
724,0.3248552900872908,5.0,1
725,0.24445274861062646,5.0,0
725,0.3256901425050909,5.0,1
726,0.24450621176114487,5.0,0
726,0.32652098760185644,5.0,1
727,0.24455924348226638,5.0,0
727,0.32734782042267585,5.0,1
728,0.24461184686913448,5.0,0
728,0.3281706367001589,5.0,1
729,0.24466402499520515,5.0,0
729,0.3289894328278129,5.0,1
730,0.2447157809124713,5.0,0
730,0.3298042058338644,5.0,1
731,0.24476711765168271,5.0,0
731,0.3306149533555773,5.0,1
732,0.24481803822256634,5.0,0
732,0.33142167361410435,5.0,1
733,0.24486854561403967,5.0,0
733,0.3322243653899092,5.0,1
734,0.24491864279442452,5.0,0
734,0.33302302799878997,5.0,1
735,0.24496833271165525,5.0,0
735,0.3338176612685342,5.0,1
736,0.24501761829348637,5.0,0
736,0.33460826551622946,5.0,1
737,0.24506650244769482,5.0,0
737,0.3353948415262484,5.0,1
738,0.2451149880622813,5.0,0
738,0.3361773905289336,5.0,1
739,0.24516307800566747,5.0,0
739,0.33695591417998727,5.0,1
740,0.2452107751268907,5.0,0
740,0.33773041454058755,5.0,1
741,0.24525808225579557,5.0,0
741,0.3385008940582332,5.0,1
742,0.24530500220322315,5.0,0
742,0.3392673555483268,5.0,1
743,0.24535153776119598,5.0,0
743,0.3400298021765009,5.0,1
744,0.24539769170310216,5.0,0
744,0.3407882374416862,5.0,1
745,0.2454434667838745,5.0,0
745,0.3415426651599225,5.0,1
746,0.24548886574016873,5.0,0
746,0.34229308944891057,5.0,1
747,0.24553389129053713,5.0,0
747,0.34303951471329797,5.0,1
748,0.2455785461356008,5.0,0
748,0.3437819456306938,5.0,1
749,0.24562283295821788,5.0,0
749,0.3445203871384041,5.0,1
750,0.24566675442365057,5.0,0
750,0.34525484442087745,5.0,1
751,0.24571031317972714,5.0,0
751,0.3459853228978485,5.0,1
752,0.24575351185700423,5.0,0
752,0.346711828213171,5.0,1
753,0.24579635306892317,5.0,0
753,0.3474343662243193,5.0,1
754,0.24583883941196608,5.0,0
754,0.3481529429925512,5.0,1
755,0.2458809734658084,5.0,0
755,0.34886756477371045,5.0,1
756,0.2459227577934686,5.0,0
756,0.3495782380096545,5.0,1
757,0.24596419494145627,5.0,0
757,0.35028496932029013,5.0,1
758,0.24600528743991568,5.0,0
758,0.35098776549619726,5.0,1
759,0.2460460378027694,5.0,0
759,0.3516866334918229,5.0,1
760,0.2460864485278574,5.0,0
760,0.3523815804192259,5.0,1
761,0.24612652209707442,5.0,0
761,0.35307261354235164,5.0,1
762,0.24616626097650507,5.0,0
762,0.3537597402718173,5.0,1
763,0.24620566761655646,5.0,0
763,0.3544429681601873,5.0,1
764,0.2462447444520873,5.0,0
764,0.35512230489771596,5.0,1
765,0.24628349390253745,5.0,0
765,0.3557977583085392,5.0,1
766,0.24632191837205156,5.0,0
766,0.3564693363472935,5.0,1
767,0.24636002024960335,5.0,0
767,0.3571370470961379,5.0,1
768,0.24639780190911645,5.0,0
768,0.3578008987621644,5.0,1
769,0.2464352657095827,5.0,0
769,0.3584608996751668,5.0,1
770,0.24647241399517866,5.0,0
770,0.35911705828575746,5.0,1
771,0.24650924909538113,5.0,0
771,0.3597693831638013,5.0,1
772,0.24654577332507796,5.0,0
772,0.3604178829971532,5.0,1
773,0.2465819889846793,5.0,0
773,0.3610625665906762,5.0,1
774,0.24661789836022538,5.0,0
774,0.36170344286552053,5.0,1
775,0.2466535037234933,5.0,0
775,0.36234052085864266,5.0,1
776,0.24668880733210055,5.0,0
776,0.36297380972254784,5.0,1
777,0.24672381142960756,5.0,0
777,0.36360331872523555,5.0,1
778,0.24675851824561876,5.0,0
778,0.36422905725032817,5.0,1
779,0.24679292999588043,5.0,0
779,0.3648510347973669,5.0,1
780,0.24682704888237797,5.0,0
780,0.3654692609822575,5.0,1
781,0.24686087709343063,5.0,0
781,0.36608374553784595,5.0,1
782,0.24689441680378477,5.0,0
782,0.36669449831461115,5.0,1
783,0.24692767017470582,5.0,0
783,0.36730152928145465,5.0,1
784,0.24696063935406762,5.0,0
784,0.36790484852657795,5.0,1
785,0.24699332647644098,5.0,0
785,0.3685044662584236,5.0,1
786,0.24702573366318037,5.0,0
786,0.36910039280667434,5.0,1
787,0.2470578630225089,5.0,0
787,0.3696926386232927,5.0,1
788,0.24708971664960155,5.0,0
788,0.37028121428358574,5.0,1
789,0.24712129662666812,5.0,0
789,0.3708661304872878,5.0,1
790,0.24715260502303266,5.0,0
790,0.3714473980596438,5.0,1
791,0.2471836438952137,5.0,0
791,0.37202502795248543,5.0,1
792,0.24721441528700133,5.0,0
792,0.372599031245288,5.0,1
793,0.24724492122953362,5.0,0
793,0.3731694191461979,5.0,1
794,0.24727516374137223,5.0,0
794,0.37373620299302046,5.0,1
795,0.2473051448285758,5.0,0
795,0.37429939425416187,5.0,1
796,0.24733486648477265,5.0,0
796,0.37485900452951315,5.0,1
797,0.24736433069123212,5.0,0
797,0.3754150455512712,5.0,1
798,0.24739353941693412,5.0,0
798,0.3759675291846877,5.0,1
799,0.24742249461863908,5.0,0
799,0.37651646742874306,5.0,1
800,0.24745119824095507,5.0,0
800,0.3770618724167326,5.0,1
801,0.24747965221640483,5.0,0
801,0.3776037564167683,5.0,1
802,0.24750785846549103,5.0,0
802,0.3781421318321812,5.0,1
803,0.24753581889676166,5.0,0
803,0.3786770112018315,5.0,1
804,0.2475635354068728,5.0,0
804,0.379208407200311,5.0,1
805,0.24759100988065197,5.0,0
805,0.37973633263804224,5.0,1
806,0.24761824419115938,5.0,0
806,0.38026080046127014,5.0,1
807,0.2476452401997486,5.0,0
807,0.3807818237519415,5.0,1
808,0.24767199975612708,5.0,0
808,0.38129941572747056,5.0,1
809,0.24769852469841466,5.0,0
809,0.381813589740393,5.0,1
810,0.2477248168532017,5.0,0
810,0.3823243592779037,5.0,1
811,0.24775087803560672,5.0,0
811,0.3828317379612764,5.0,1
812,0.247776710049333,5.0,0
812,0.38333573954517197,5.0,1
813,0.24780231468672426,5.0,0
813,0.3838363779168247,5.0,1
814,0.24782769372881996,5.0,0
814,0.38433366709511885,5.0,1
815,0.24785284894540918,5.0,0
815,0.38482762122954683,5.0,1
816,0.2478777820950855,5.0,0
816,0.3853182545990547,5.0,1
817,0.24790249492529856,5.0,0
817,0.3858055816107776,5.0,1
818,0.24792698917240777,5.0,0
818,0.386289616798662,5.0,1
819,0.24795126656173333,5.0,0
819,0.38677037482198257,5.0,1
820,0.24797532880760817,5.0,0
820,0.38724787046375053,5.0,1
821,0.24799917761342768,5.0,0
821,0.3877221186290214,5.0,1
822,0.24802281467170098,5.0,0
822,0.38819313434309977,5.0,1
823,0.24804624166409972,5.0,0
823,0.3886609327496479,5.0,1
824,0.24806946026150725,5.0,0
824,0.3891255291086989,5.0,1
825,0.2480924721240675,5.0,0
825,0.38958693879457973,5.0,1
826,0.24811527890123355,5.0,0
826,0.3900451772937438,5.0,1
827,0.24813788223181443,5.0,0
827,0.3905002602025231,5.0,1
828,0.24816028374402294,5.0,0
828,0.39095220322479607,5.0,1
829,0.24818248505552287,5.0,0
829,0.3914010221695811,5.0,1
830,0.24820448777347454,5.0,0
830,0.3918467329485555,5.0,1
831,0.24822629349458247,5.0,0
831,0.3922893515735064,5.0,1
832,0.24824790380513964,5.0,0
832,0.3927288941537158,5.0,1
833,0.2482693202810737,5.0,0
833,0.3931653768932854,5.0,1
834,0.2482905444879925,5.0,0
834,0.3935988160884043,5.0,1
835,0.24831157798122788,5.0,0
835,0.3940292281245623,5.0,1
836,0.2483324223058813,5.0,0
836,0.3944566294737172,5.0,1
837,0.2483530789968672,5.0,0
837,0.39488103669141517,5.0,1
838,0.24837354957895794,5.0,0
838,0.39530246641387107,5.0,1
839,0.24839383556682698,5.0,0
839,0.39572093535501274,5.0,1
840,0.2484139384650923,5.0,0
840,0.39613646030349225,5.0,1
841,0.24843385976836013,5.0,0
841,0.3965490581196689,5.0,1
842,0.24845360096126826,5.0,0
842,0.3969587457325664,5.0,1
843,0.248473163518528,5.0,0
843,0.3973655401368117,5.0,1
844,0.24849254890496827,5.0,0
844,0.3977694583895544,5.0,1
845,0.24851175857557678,5.0,0
845,0.39817051760737365,5.0,1
846,0.24853079397554356,5.0,0
846,0.3985687349631765,5.0,1
847,0.24854965654030278,5.0,0
847,0.3989641276830885,5.0,1
848,0.24856834769557434,5.0,0
848,0.3993567130433426,5.0,1
849,0.2485868688574073,5.0,0
849,0.39974650836716935,5.0,1
850,0.2486052214322199,5.0,0
850,0.4001335310216897,5.0,1
851,0.2486234068168431,5.0,0
851,0.40051779841481666,5.0,1
852,0.24864142639856046,5.0,0
852,0.40089932799216543,5.0,1
853,0.24865928155515146,5.0,0
853,0.401278137233979,5.0,1
854,0.2486769736549316,5.0,0
854,0.401654243652067,5.0,1
855,0.24869450405679447,5.0,0
855,0.40202766478676727,5.0,1
856,0.24871187411025286,5.0,0
856,0.4023984182039237,5.0,1
857,0.2487290851554801,5.0,0
857,0.4027665214918931,5.0,1
858,0.24874613852335112,5.0,0
858,0.4031319922585751,5.0,1
859,0.24876303553548368,5.0,0
859,0.4034948481284719,5.0,1
860,0.24877977750427946,5.0,0
860,0.4038551067397774,5.0,1
861,0.2487963657329649,5.0,0
861,0.4042127857415019,5.0,1
862,0.2488128015156327,5.0,0
862,0.4045679027906279,5.0,1
863,0.24882908613728216,5.0,0
863,0.4049204755493052,5.0,1
864,0.24884522087386035,5.0,0
864,0.4052705216820818,5.0,1
865,0.2488612069923033,5.0,0
865,0.4056180588531761,5.0,1
866,0.2488770457505769,5.0,0
866,0.4059631047237901,5.0,1
867,0.24889273839771708,5.0,0
867,0.40630567694946285,5.0,1
868,0.24890828617387162,5.0,0
868,0.4066457931774721,5.0,1
869,0.24892369031034017,5.0,0
869,0.4069834710442744,5.0,1
870,0.24893895202961616,5.0,0
870,0.4073187281729968,5.0,1
871,0.2489540725454264,5.0,0
871,0.4076515821709723,5.0,1
872,0.2489690530627729,5.0,0
872,0.40798205062732307,5.0,1
873,0.24898389477797345,5.0,0
873,0.40831015111059155,5.0,1
874,0.24899859887870196,5.0,0
874,0.4086359011664221,5.0,1
875,0.2490131665440305,5.0,0
875,0.4089593183152903,5.0,1
876,0.249027598944469,5.0,0
876,0.40928042005028104,5.0,1
877,0.24904189724200665,5.0,0
877,0.40959922383492037,5.0,1
878,0.249056062590153,5.0,0
878,0.40991574710105416,5.0,1
879,0.24907009613397846,5.0,0
879,0.41023000724677794,5.0,1
880,0.24908399901015538,5.0,0
880,0.41054202163441944,5.0,1
881,0.24909777234699934,5.0,0
881,0.41085180758856915,5.0,1
882,0.24911141726450953,5.0,0
882,0.4111593823941624,5.0,1
883,0.24912493487440987,5.0,0
883,0.4114647632946133,5.0,1
884,0.2491383262801904,5.0,0
884,0.41176796748999694,5.0,1
885,0.2491515925771478,5.0,0
885,0.41206901213528213,5.0,1
886,0.24916473485242668,5.0,0
886,0.4123679143386152,5.0,1
887,0.2491777541850607,5.0,0
887,0.4126646911596515,5.0,1
888,0.249190651646013,5.0,0
888,0.41295935960793734,5.0,1
889,0.24920342829821812,5.0,0
889,0.41325193664133913,5.0,1
890,0.24921608519662264,5.0,0
890,0.4135424391645216,5.0,1
891,0.24922862338822577,5.0,0
891,0.4138308840274729,5.0,1
892,0.24924104391212196,5.0,0
892,0.4141172880240769,5.0,1
893,0.2492533477995402,5.0,0
893,0.41440166789073246,5.0,1
894,0.2492655360738861,5.0,0
894,0.41468404030501627,5.0,1
895,0.24927760975078342,5.0,0
895,0.414964421884393,5.0,1
896,0.24928956983811432,5.0,0
896,0.4152428291849676,5.0,1
897,0.24930141733606084,5.0,0
897,0.4155192787002835,5.0,1
898,0.249313153237146,5.0,0
898,0.41579378686016066,5.0,1
899,0.24932477852627563,5.0,0
899,0.41606637002957814,5.0,1
900,0.24933629418077832,5.0,0
900,0.41633704450759523,5.0,1
901,0.24934770117044752,5.0,0
901,0.4166058265263161,5.0,1
902,0.24935900045758266,5.0,0
902,0.4168727322498901,5.0,1
903,0.24937019299702945,5.0,0
903,0.41713777777355415,5.0,1
904,0.24938127973622237,5.0,0
904,0.41740097912271,5.0,1
905,0.24939226161522413,5.0,0
905,0.41766235225204057,5.0,1
906,0.24940313956676882,5.0,0
906,0.4179219130446604,5.0,1
907,0.24941391451630132,5.0,0
907,0.4181796773113033,5.0,1
908,0.24942458738201917,5.0,0
908,0.41843566078954125,5.0,1
909,0.2494351590749138,5.0,0
909,0.4186898791430405,5.0,1
910,0.2494456304988111,5.0,0
910,0.41894234796084634,5.0,1
911,0.2494560025504131,5.0,0
911,0.41919308275670103,5.0,1
912,0.2494662761193382,5.0,0
912,0.4194420989683932,5.0,1
913,0.24947645208816321,5.0,0
913,0.4196894119571363,5.0,1
914,0.24948653133246335,5.0,0
914,0.41993503700697493,5.0,1
915,0.24949651472085402,5.0,0
915,0.42017898932422165,5.0,1
916,0.24950640311503108,5.0,0
916,0.42042128403691703,5.0,1
917,0.24951619736981212,5.0,0
917,0.4206619361943219,5.0,1
918,0.24952589833317737,5.0,0
918,0.4209009607664286,5.0,1
919,0.24953550684631018,5.0,0
919,0.42113837264350296,5.0,1
920,0.24954502374363824,5.0,0
920,0.42137418663564424,5.0,1
921,0.24955444985287398,5.0,0
921,0.4216084174723745,5.0,1
922,0.249563785995055,5.0,0
922,0.42184107980224406,5.0,1
923,0.24957303298458572,5.0,0
923,0.42207218819246317,5.0,1
924,0.24958219162927708,5.0,0
924,0.42230175712855195,5.0,1
925,0.24959126273038712,5.0,0
925,0.42252980101401133,5.0,1
926,0.24960024708266207,5.0,0
926,0.4227563341700125,5.0,1
927,0.24960914547437593,5.0,0
927,0.4229813708351065,5.0,1
928,0.24961795868737144,5.0,0
928,0.4232049251649492,5.0,1
929,0.24962668749710065,5.0,0
929,0.4234270112320456,5.0,1
930,0.2496353326726639,5.0,0
930,0.4236476430255108,5.0,1
931,0.24964389497685172,5.0,0
931,0.4238668344508442,5.0,1
932,0.24965237516618313,5.0,0
932,0.42408459932972287,5.0,1
933,0.24966077399094735,5.0,0
933,0.4243009513998052,5.0,1
934,0.24966909219524233,5.0,0
934,0.4245159043145527,5.0,1
935,0.2496773305170156,5.0,0
935,0.4247294716430634,5.0,1
936,0.24968548968810336,5.0,0
936,0.4249416668699167,5.0,1
937,0.24969357043427087,5.0,0
937,0.42515250339503347,5.0,1
938,0.24970157347525132,5.0,0
938,0.4253619945335466,5.0,1
939,0.24970949952478616,5.0,0
939,0.4255701535156821,5.0,1
940,0.24971734929066344,5.0,0
940,0.42577699348665304,5.0,1
941,0.24972512347475864,5.0,0
941,0.4259825275065612,5.0,1
942,0.24973282277307265,5.0,0
942,0.42618676855031173,5.0,1
943,0.24974044787577124,5.0,0
943,0.4263897295075345,5.0,1
944,0.24974799946722467,5.0,0
944,0.42659142318251564,5.0,1
945,0.24975547822604585,5.0,0
945,0.42679186229413957,5.0,1
946,0.24976288482512973,5.0,0
946,0.42699105947583427,5.0,1
947,0.2497702199316921,5.0,0
947,0.42718902727553043,5.0,1
948,0.24977748420730744,5.0,0
948,0.42738577815562384,5.0,1
949,0.2497846783079484,5.0,0
949,0.42758132449294584,5.0,1
950,0.2497918028840236,5.0,0
950,0.42777567857874305,5.0,1
951,0.24979885858041645,5.0,0
951,0.4279688526186588,5.0,1
952,0.24980584603652262,5.0,0
952,0.4281608587327261,5.0,1
953,0.24981276588628865,5.0,0
953,0.42835170895536173,5.0,1
954,0.24981961875824962,5.0,0
954,0.42854141523536915,5.0,1
955,0.24982640527556732,5.0,0
955,0.42872998943594676,5.0,1
956,0.24983312605606733,5.0,0
956,0.4289174433346976,5.0,1
957,0.24983978171227733,5.0,0
957,0.4291037886236479,5.0,1
958,0.24984637285146388,5.0,0
958,0.4292890369092693,5.0,1
959,0.24985290007566996,5.0,0
959,0.42947319971250425,5.0,1
960,0.24985936398175235,5.0,0
960,0.42965628846879567,5.0,1
961,0.24986576516141842,5.0,0
961,0.42983831452812205,5.0,1
962,0.24987210420126307,5.0,0
962,0.4300192891550353,5.0,1
963,0.24987838168280554,5.0,0
963,0.4301992235287016,5.0,1
964,0.24988459818252617,5.0,0
964,0.4303781287429473,5.0,1
965,0.24989075427190266,5.0,0
965,0.430556015806307,5.0,1
966,0.24989685051744664,5.0,0
966,0.43073289564207473,5.0,1
967,0.2499028874807396,5.0,0
967,0.4309087790883581,5.0,1
968,0.24990886571846885,5.0,0
968,0.43108367689813654,5.0,1
969,0.24991478578246443,5.0,0
969,0.43125759973932,5.0,1
970,0.24992064821973362,5.0,0
970,0.4314305581948129,5.0,1
971,0.24992645357249688,5.0,0
971,0.43160256276257764,5.0,1
972,0.24993220237822406,5.0,0
972,0.43177362385570356,5.0,1
973,0.24993789516966872,5.0,0
973,0.43194375180247563,5.0,1
974,0.24994353247490408,5.0,0
974,0.43211295684644674,5.0,1
975,0.24994911481735724,5.0,0
975,0.4322812491465122,5.0,1
976,0.24995464271584514,5.0,0
976,0.43244863877698575,5.0,1
977,0.24996011668460774,5.0,0
977,0.43261513572767646,5.0,1
978,0.24996553723334433,5.0,0
978,0.4327807499039706,5.0,1
979,0.24997090486724624,5.0,0
979,0.4329454911269123,5.0,1
980,0.24997622008703232,5.0,0
980,0.4331093691332877,5.0,1
981,0.24998148338898227,5.0,0
981,0.43327239357570996,5.0,1
982,0.24998669526497072,5.0,0
982,0.4334345740227065,5.0,1
983,0.24999185620250114,5.0,0
983,0.43359591995880764,5.0,1
984,0.24999696668473922,5.0,0
984,0.43375644078463793,5.0,1
985,0.25000202719054654,5.0,0
985,0.433916145817006,5.0,1
986,0.2500070381945131,5.0,0
986,0.4340750442889999,5.0,1
987,0.25001200016699154,5.0,0
987,0.4342331453500817,5.0,1
988,0.25001691357412914,5.0,0
988,0.43439045806618315,5.0,1
989,0.2500217788779007,5.0,0
989,0.43454699141980524,5.0,1
990,0.25002659653614123,5.0,0
990,0.434702754310116,5.0,1
991,0.2500313670025789,5.0,0
991,0.43485775555305217,5.0,1
992,0.250036090726866,5.0,0
992,0.4350120038814225,5.0,1
993,0.2500407681546126,5.0,0
993,0.4351655079450098,5.0,1
994,0.2500453997274168,5.0,0
994,0.4353182763106778,5.0,1
995,0.25004998588289784,5.0,0
995,0.4354703174624771,5.0,1
996,0.25005452705472664,5.0,0
996,0.4356216398017534,5.0,1
997,0.25005902367265787,5.0,0
997,0.43577225164725775,5.0,1
998,0.25006347616256064,5.0,0
998,0.4359221612352566,5.0,1
999,0.25006788494645027,5.0,0
999,0.43607137671964563,5.0,1
